				use master
				go
				if exists(select name from sysdatabases where name='QuanLySinhVien')
					drop Database QuanLySinhVien
				go
				Create Database QuanLySinhVien
				go
				use QuanLySinhVien
				go

									CREATE TABLE NGANHHOC
														   (
																MANGANHHOC CHAR(10) NOT NULL PRIMARY KEY,
																TENNGANHHOC NVARCHAR(50) NOT NULL,
							
																											)  
																		                  				

									CREATE TABLE HOCKI
														   (
																MAHOCKI CHAR(10) NOT NULL PRIMARY KEY,
																TENHOCKI NVARCHAR(50) NOT NULL,

																											)
					
									CREATE TABLE LOP
															(
																MALOP CHAR(7) NOT NULL PRIMARY KEY,
																TENLOP NVARCHAR(50) NOT NULL,
													
																											 )

									CREATE TABLE DIEM
															 (
																 MSSV char(7) NOT NULL ,
																 MAMONHOC CHAR(10) NOT NULL ,
							
																 DIEMLAB FLOAT check(DIEMLAB>=0 AND DIEMLAB <=10) NULL,
																 DIEMQUIZ FLOAT CHECK(DIEMQUIZ>=0 AND DIEMQUIZ<=10)NULL,
																 DIEMASSIGNMENT FLOAT CHECK(DIEMASSIGNMENT>=0 AND DIEMASSIGNMENT<=10 )NULL,
							
																																	  )   
									create table GIAOVIEN  
															(
														   MSGV CHAR(8) PRIMARY KEY,
														   TENGV NVARCHAR(50),  
																																	 )																								   
							
									 CREATE TABLE MONHOC
															(
																   MAMONHOC CHAR(10) NOT NULL PRIMARY KEY,
																   MSGV CHAR(8) not null,
																   LYHANH INT NOT NULL default 7,
																   LYTHUYET INT NOT NULL default 7,
																   MAHOCKI CHAR(10)  NOT NULL,   
																											  )
                         
									CREATE TABLE SINH_VIEN_FPOLY
															(
																   MSSV char(7) NOT NULL PRIMARY KEY,
																   HOTEN NVARCHAR(50) NOT NULL,
																   NGAYSINH DATE NOT NULL,
																   SDT varchar(12) unique,
																   EMAIL varchar(50) unique,
																   QUEQUAN NVARCHAR(50) null,
																   GIOITINH BIT NOT NULL,
																   MALOP CHAR(7) NOT NULL ,
																   MANGANHHOC CHAR(10)  NOT NULL,
																   NAMNHAPHOC INT NOT NULL,
							
																   )


										                           --TẠO KHÓA NGOẠI--


																	 Alter table SINH_VIEN_FPOLY add Constraint NGANHHOC_MANGAHHOC_fk foreign key (MANGANHHOC)References NGANHHOC(MANGANHHOC),
																		 Constraint LOP_MALOP_fk foreign key (MALOP) References LOP(MALOP)
																	 Alter table DIEM add Constraint SINGVIENPOLY_MSSV_fk foreign key (MSSV) References SINH_VIEN_FPOLY(MSSV),
																		 Constraint MONHOC_MAMONHOC_fk foreign key (MAMONHOC) References MONHOC(MAMONHOC)
																	 Alter table MONHOC add Constraint HOCKI_MAHOCKI_fk foreign key (MAHOCKI)References HOCKI(MAHOCKI)
																	 Alter table MONHOC add Constraint GIAOVIEN_MSGV_fk foreign key (MSGV)References GIAOVIEN(MSGV)
								   


																	 --HOCKI--
																	 INSERT INTO HOCKI(MAHOCKI,TENHOCKI)
																	  VALUES(1,'HK1')
																	 INSERT INTO HOCKI(MAHOCKI,TENHOCKI)
																	  VALUES(2,'HK2')
																	 INSERT INTO HOCKI(MAHOCKI,TENHOCKI)
																	  VALUES(3,'HK3')
																	 INSERT INTO HOCKI(MAHOCKI,TENHOCKI)
																	  VALUES(4,'HK4')
																	 INSERT INTO HOCKI(MAHOCKI,TENHOCKI)
																	  VALUES(5,'HK5')
																	 INSERT INTO HOCKI(MAHOCKI,TENHOCKI)
																	  VALUES(6,'HK6')
																	
	
																	 --GIÁO VIÊN--
																	 INSERT INTO GIAOVIEN(MSGV,TENGV) VALUES('PE44',N'NGUYEN VAN A')
																	 INSERT INTO GIAOVIEN(MSGV,TENGV) VALUES('PE24',N'NGUEN VAN B')
																	 INSERT INTO GIAOVIEN(MSGV,TENGV) VALUES('PE34',N'VU THI DIEU C')
																	 INSERT INTO GIAOVIEN(MSGV,TENGV) VALUES('PE14',N'VU THI THANH D')
																	 INSERT INTO GIAOVIEN(MSGV,TENGV) VALUES('PE54',N' NGUYEN VAN E')
																	 INSERT INTO GIAOVIEN(MSGV,TENGV) VALUES('PE64',N'PHAM THANH F')
																	 INSERT INTO GIAOVIEN(MSGV,TENGV) VALUES('PE74',N'VU THI G')
																	 INSERT INTO GIAOVIEN(MSGV,TENGV) VALUES('PE84',N'DANG PHUONG H')
																	



																	 --NGANH HOC--
																	 INSERT INTO NGANHHOC(MANGANHHOC,TENNGANHHOC)
																	  VALUES('UDPM',N'ỨNG DỤNG PHẦN MỀM')
																	 INSERT INTO NGANHHOC(MANGANHHOC,TENNGANHHOC) 
																	 VALUES('WEB',N'XÂY DUEWNH WEB')
																	 INSERT INTO NGANHHOC(MANGANHHOC,TENNGANHHOC)
																	  VALUES('MOBILE',N'LẬP TRÌNH MOBILE')
																	 INSERT INTO NGANHHOC(MANGANHHOC,TENNGANHHOC)
																	  VALUES('QTDN',N'QUẢN TRỊ DOANH NGHIỆP')
																	 INSERT INTO NGANHHOC(MANGANHHOC,TENNGANHHOC) 
																	 VALUES('KINHTE',N'KINH TẾ')
																	 INSERT INTO NGANHHOC(MANGANHHOC,TENNGANHHOC)
																	  VALUES('DULICH',N'KHỐI NGÀNH DU LỊCH')
																	 INSERT INTO NGANHHOC(MANGANHHOC,TENNGANHHOC)
																	  VALUES('MAKETING',N'MAKETING')
																	 --MONHOC--
																	 --MON CHUNG HK1
																	 INSERT INTO MONHOC(MAMONHOC,MSGV,LYHANH,LYTHUYET,MAHOCKI)
																	 VALUES('MOB2012','PE14',7,7,1)
																	 INSERT INTO MONHOC(MAMONHOC,MSGV,LYHANH,LYTHUYET,MAHOCKI)
																	 VALUES('SKI998','PE84',7,7,1)
																	 --UD & WEB & MOBILE--
																	 INSERT INTO MONHOC(MAMONHOC,MSGV,LYHANH,LYTHUYET,MAHOCKI)
																	 VALUES('COM2012','PE44',7,7,2)
																	 INSERT INTO MONHOC(MAMONHOC,MSGV,LYHANH,LYTHUYET,MAHOCKI)
																	 VALUES('MOB1013','PE24',7,7,3)
																	 INSERT INTO MONHOC(MAMONHOC,MSGV,LYHANH,LYTHUYET,MAHOCKI)
																	 VALUES('WEB1013','PE34',7,7,4)
																	 INSERT INTO MONHOC(MAMONHOC,MSGV,LYHANH,LYTHUYET,MAHOCKI)
																	 VALUES('CNPM','PE14',7,7,5)
																	 INSERT INTO MONHOC(MAMONHOC,MSGV,LYHANH,LYTHUYET,MAHOCKI)
																	 VALUES('CNPM1','PE14',7,7,6)
																	
																	 --KINH TE &  QTDN & MAKETING & DULICH
																	 INSERT INTO MONHOC(MAMONHOC,MSGV,LYHANH,LYTHUYET,MAHOCKI)
																	 VALUES('QT234','PE74',7,7,2)
																	 INSERT INTO MONHOC(MAMONHOC,MSGV,LYHANH,LYTHUYET,MAHOCKI)
																	 VALUES('ENGLISH','PE64',7,7,3)
																	 INSERT INTO MONHOC(MAMONHOC,MSGV,LYHANH,LYTHUYET,MAHOCKI)
																	 VALUES('ENGLISH1','PE64',7,7,4)
																	 INSERT INTO MONHOC(MAMONHOC,MSGV,LYHANH,LYTHUYET,MAHOCKI)
																	 VALUES('KT104','PE64',7,7,6)
																	 INSERT INTO MONHOC(MAMONHOC,MSGV,LYHANH,LYTHUYET,MAHOCKI)
																	 VALUES('DL101','PE54',7,7,5)
																	 
																	 
																	 
																	 --LOP--
																	 INSERT INTO LOP(MALOP,TENLOP) 
																	 VALUES('PT12301',N'POLY01')
																	 INSERT INTO LOP(MALOP,TENLOP)
																	  VALUES('PT12302',N'POLY02')
																	 INSERT INTO LOP(MALOP,TENLOP)
																	  VALUES('PT12305',N'POLY05')
																	 INSERT INTO LOP(MALOP,TENLOP)
																	  VALUES('PT12304',N'POLY04')
																	 INSERT INTO LOP(MALOP,TENLOP)
																	  VALUES('PT12306',N'POLY06')
																	 INSERT INTO LOP(MALOP,TENLOP) 
																	 VALUES('PT12307',N'POLY07')
	        

			--ỨNG DỤNG--
				  INSERT INTO SINH_VIEN_FPOLY(MSSV,HOTEN,NGAYSINH,sdt,email,QUEQUAN,GIOITINH,MALOP,MANGANHHOC,NAMNHAPHOC)
				   VALUES('PD02013',N'PHẠM THÀNH','01/1/1996','0964006783','LYNHPD02013',N'ĐÀ NẴNG',0,'PT12305','UDPM',2016)
				  INSERT INTO SINH_VIEN_FPOLY(MSSV,HOTEN,NGAYSINH,sdt,email,QUEQUAN,GIOITINH,MALOP,MANGANHHOC,NAMNHAPHOC) 
				  VALUES('PD02014',N'NGÔ ','01/1/1996','0964006784','LYNHPD02014',N'ĐÀ NẴNG',0,'PT12305','UDPM',2016)
			      INSERT INTO SINH_VIEN_FPOLY(MSSV,HOTEN,NGAYSINH,sdt,email,QUEQUAN,GIOITINH,MALOP,MANGANHHOC,NAMNHAPHOC) 
				  VALUES('PD02050',N'AVTA','01/1/1996','0964006686','LYNHPD02050',N'ĐÀ NẴNG',1,'PT12305','UDPM',2016)
			      INSERT INTO SINH_VIEN_FPOLY(MSSV,HOTEN,NGAYSINH,sdt,email,QUEQUAN,GIOITINH,MALOP,MANGANHHOC,NAMNHAPHOC)
				   VALUES('PD02051',N'GRAVES','01/1/1996','0964006687','LYNHPD02051',N'ĐÀ NẴNG',0,'PT12305','UDPM',2016)     
			      INSERT INTO SINH_VIEN_FPOLY(MSSV,HOTEN,NGAYSINH,sdt,email,QUEQUAN,GIOITINH,MALOP,MANGANHHOC,NAMNHAPHOC)
				   VALUES('PD02005',N'ĐẠI TỐNG','01/1/1996','0964006775','LYNHPD02005',N'ĐÀ NẴNG',0,'PT12305','UDPM',2016)
			      INSERT INTO SINH_VIEN_FPOLY(MSSV,HOTEN,NGAYSINH,sdt,email,QUEQUAN,GIOITINH,MALOP,MANGANHHOC,NAMNHAPHOC) 
				  VALUES('PD02006',N'ĐẠI TRUNG Q','01/1/1996','0964006776','LYNHPD02006',N'ĐÀ NẴNG',1,'PT12305','UDPM',2016)
			      INSERT INTO SINH_VIEN_FPOLY(MSSV,HOTEN,NGAYSINH,sdt,email,QUEQUAN,GIOITINH,MALOP,MANGANHHOC,NAMNHAPHOC)
				   VALUES('PD02007',N'PHẠM QUỐC T','01/1/1996','0964006777','LYNHPD02007',N'ĐÀ NẴNG',0,'PT12305','UDPM',2016)
			      INSERT INTO SINH_VIEN_FPOLY(MSSV,HOTEN,NGAYSINH,sdt,email,QUEQUAN,GIOITINH,MALOP,MANGANHHOC,NAMNHAPHOC)
				   VALUES('PD02008',N'PHẠM MẠNH H','01/1/1996','0964006778','LYNHPD02008',N'ĐÀ NẴNG',0,'PT12305','UDPM',2016)
			      INSERT INTO SINH_VIEN_FPOLY(MSSV,HOTEN,NGAYSINH,sdt,email,QUEQUAN,GIOITINH,MALOP,MANGANHHOC,NAMNHAPHOC)
				   VALUES('PD02009',N'QUỐC VĂN V','01/1/1996','0964006779','LYNHPD02009',N'ĐÀ NẴNG',0,'PT12305','UDPM',2016)
				  INSERT INTO SINH_VIEN_FPOLY(MSSV,HOTEN,NGAYSINH,sdt,email,QUEQUAN,GIOITINH,MALOP,MANGANHHOC,NAMNHAPHOC)
				   VALUES('PD02010',N'ĐẠI TRUNG B','01/1/1996','0964006780','LYNHPD02010',N'ĐÀ NẴNG',0,'PT12305','UDPM',2016)
				  INSERT INTO SINH_VIEN_FPOLY(MSSV,HOTEN,NGAYSINH,sdt,email,QUEQUAN,GIOITINH,MALOP,MANGANHHOC,NAMNHAPHOC)
				   VALUES('PD02011',N'MAI BÁ CƠ','01/1/1996','0964006781','LYNHPD02011',N'ĐÀ NẴNG',0,'PT12305','UDPM',2016)
				  INSERT INTO SINH_VIEN_FPOLY(MSSV,HOTEN,NGAYSINH,sdt,email,QUEQUAN,GIOITINH,MALOP,MANGANHHOC,NAMNHAPHOC) 
				  VALUES('PD02012',N'LÊ THỊ HƯƠNG','01/1/1996','0964006782','LYNHPD02012',N'ĐÀ NẴNG',0,'PT12305','UDPM',2016)

				  insert into DIEM(MSSV,MAMONHOC,DIEMQUIZ,DIEMLAB,DIEMASSIGNMENT)
				   VALUES('PD02013','MOB2012',5,8,9)   
				  insert into DIEM(MSSV,MAMONHOC,DIEMQUIZ,DIEMLAB,DIEMASSIGNMENT) 
				  VALUES('PD02013','SKI998',4,8,9)
				  insert into DIEM(MSSV,MAMONHOC,DIEMQUIZ,DIEMLAB,DIEMASSIGNMENT) 
				  VALUES('PD02013','COM2012',4,8,9)
				  insert into DIEM(MSSV,MAMONHOC,DIEMQUIZ,DIEMLAB,DIEMASSIGNMENT) 
				  VALUES('PD02013','MOB1013',1,8,9)
				  insert into DIEM(MSSV,MAMONHOC,DIEMQUIZ,DIEMLAB,DIEMASSIGNMENT)
				   VALUES('PD02013','WEB1013',4,8,0)
				  insert into DIEM(MSSV,MAMONHOC,DIEMQUIZ,DIEMLAB,DIEMASSIGNMENT) 
				  VALUES('PD02013','CNPM',4,1,9)
				  insert into DIEM(MSSV,MAMONHOC,DIEMQUIZ,DIEMLAB,DIEMASSIGNMENT)
				   VALUES('PD02013','CNPM1',4,8,1)

				  insert into DIEM(MSSV,MAMONHOC,DIEMQUIZ,DIEMLAB,DIEMASSIGNMENT)
				   VALUES('PD02014','MOB2012',5,8,9)
				  insert into DIEM(MSSV,MAMONHOC,DIEMQUIZ,DIEMLAB,DIEMASSIGNMENT)
				   VALUES('PD02014','SKI998',4,8,9)
				  insert into DIEM(MSSV,MAMONHOC,DIEMQUIZ,DIEMLAB,DIEMASSIGNMENT)
				   VALUES('PD02014','COM2012',4,8,9)
				  insert into DIEM(MSSV,MAMONHOC,DIEMQUIZ,DIEMLAB,DIEMASSIGNMENT)
				   VALUES('PD02014','MOB1013',1,8,9)
				  insert into DIEM(MSSV,MAMONHOC,DIEMQUIZ,DIEMLAB,DIEMASSIGNMENT)
				   VALUES('PD02014','WEB1013',4,8,0)
				  insert into DIEM(MSSV,MAMONHOC,DIEMQUIZ,DIEMLAB,DIEMASSIGNMENT)
				   VALUES('PD02014','CNPM',4,1,9)
				  insert into DIEM(MSSV,MAMONHOC,DIEMQUIZ,DIEMLAB,DIEMASSIGNMENT)
				   VALUES('PD02014','CNPM1',4,8,1)

				  insert into DIEM(MSSV,MAMONHOC,DIEMQUIZ,DIEMLAB,DIEMASSIGNMENT)
				   VALUES('PD02050','MOB2012',5,8,9)
				  insert into DIEM(MSSV,MAMONHOC,DIEMQUIZ,DIEMLAB,DIEMASSIGNMENT)
				   VALUES('PD02050','SKI998',4,8,9)
				  insert into DIEM(MSSV,MAMONHOC,DIEMQUIZ,DIEMLAB,DIEMASSIGNMENT) 
				  VALUES('PD02050','COM2012',4,8,9)
				  insert into DIEM(MSSV,MAMONHOC,DIEMQUIZ,DIEMLAB,DIEMASSIGNMENT) 
				  VALUES('PD02050','MOB1013',1,8,9)
				  insert into DIEM(MSSV,MAMONHOC,DIEMQUIZ,DIEMLAB,DIEMASSIGNMENT)
				   VALUES('PD02050','WEB1013',4,8,0)
				  insert into DIEM(MSSV,MAMONHOC,DIEMQUIZ,DIEMLAB,DIEMASSIGNMENT)
				   VALUES('PD02050','CNPM',4,1,9)
				  insert into DIEM(MSSV,MAMONHOC,DIEMQUIZ,DIEMLAB,DIEMASSIGNMENT)
				   VALUES('PD02050','CNPM1',4,8,1)

				  insert into DIEM(MSSV,MAMONHOC,DIEMQUIZ,DIEMLAB,DIEMASSIGNMENT)
				   VALUES('PD02051','MOB2012',5,8,9)
				  insert into DIEM(MSSV,MAMONHOC,DIEMQUIZ,DIEMLAB,DIEMASSIGNMENT)
				   VALUES('PD02051','SKI998',4,8,9)
				  insert into DIEM(MSSV,MAMONHOC,DIEMQUIZ,DIEMLAB,DIEMASSIGNMENT)
				   VALUES('PD02051','COM2012',4,8,9)
				  insert into DIEM(MSSV,MAMONHOC,DIEMQUIZ,DIEMLAB,DIEMASSIGNMENT)
				   VALUES('PD02051','MOB1013',1,8,9)
				  insert into DIEM(MSSV,MAMONHOC,DIEMQUIZ,DIEMLAB,DIEMASSIGNMENT)
				   VALUES('PD02051','WEB1013',4,8,0)
				  insert into DIEM(MSSV,MAMONHOC,DIEMQUIZ,DIEMLAB,DIEMASSIGNMENT)
				   VALUES('PD02051','CNPM',4,1,9)
				  insert into DIEM(MSSV,MAMONHOC,DIEMQUIZ,DIEMLAB,DIEMASSIGNMENT)
				   VALUES('PD02051','CNPM1',4,8,1)

				   insert into DIEM(MSSV,MAMONHOC,DIEMQUIZ,DIEMLAB,DIEMASSIGNMENT)
				    VALUES('PD02005','MOB2012',5,8,9)
				  insert into DIEM(MSSV,MAMONHOC,DIEMQUIZ,DIEMLAB,DIEMASSIGNMENT)
				   VALUES('PD02005','SKI998',4,8,9)
				  insert into DIEM(MSSV,MAMONHOC,DIEMQUIZ,DIEMLAB,DIEMASSIGNMENT)
				   VALUES('PD02005','COM2012',4,8,9)
				  insert into DIEM(MSSV,MAMONHOC,DIEMQUIZ,DIEMLAB,DIEMASSIGNMENT) 
				  VALUES('PD02005','MOB1013',1,8,9)
				  insert into DIEM(MSSV,MAMONHOC,DIEMQUIZ,DIEMLAB,DIEMASSIGNMENT)
				   VALUES('PD02005','WEB1013',4,8,0)
				  insert into DIEM(MSSV,MAMONHOC,DIEMQUIZ,DIEMLAB,DIEMASSIGNMENT)
				   VALUES('PD02005','CNPM',4,1,9)
				  insert into DIEM(MSSV,MAMONHOC,DIEMQUIZ,DIEMLAB,DIEMASSIGNMENT)
				   VALUES('PD02005','CNPM1',4,8,1)

				  insert into DIEM(MSSV,MAMONHOC,DIEMQUIZ,DIEMLAB,DIEMASSIGNMENT)
				   VALUES('PD02006','MOB2012',5,8,9)
				  insert into DIEM(MSSV,MAMONHOC,DIEMQUIZ,DIEMLAB,DIEMASSIGNMENT)
				   VALUES('PD02006','SKI998',4,8,9)
				  insert into DIEM(MSSV,MAMONHOC,DIEMQUIZ,DIEMLAB,DIEMASSIGNMENT) 
				  VALUES('PD02006','COM2012',4,8,9)
				  insert into DIEM(MSSV,MAMONHOC,DIEMQUIZ,DIEMLAB,DIEMASSIGNMENT)
				   VALUES('PD02006','MOB1013',1,8,9)
				  insert into DIEM(MSSV,MAMONHOC,DIEMQUIZ,DIEMLAB,DIEMASSIGNMENT)
				   VALUES('PD02006','WEB1013',4,8,0)
				  insert into DIEM(MSSV,MAMONHOC,DIEMQUIZ,DIEMLAB,DIEMASSIGNMENT)
				   VALUES('PD02006','CNPM',4,1,9)
				  insert into DIEM(MSSV,MAMONHOC,DIEMQUIZ,DIEMLAB,DIEMASSIGNMENT)
				   VALUES('PD02006','CNPM1',4,8,1)

				   insert into DIEM(MSSV,MAMONHOC,DIEMQUIZ,DIEMLAB,DIEMASSIGNMENT)
				    VALUES('PD02007','MOB2012',5,8,9)
				  insert into DIEM(MSSV,MAMONHOC,DIEMQUIZ,DIEMLAB,DIEMASSIGNMENT)
				   VALUES('PD02007','SKI998',4,8,9)
				  insert into DIEM(MSSV,MAMONHOC,DIEMQUIZ,DIEMLAB,DIEMASSIGNMENT)
				   VALUES('PD02007','COM2012',4,8,9)
				  insert into DIEM(MSSV,MAMONHOC,DIEMQUIZ,DIEMLAB,DIEMASSIGNMENT)
				   VALUES('PD02007','MOB1013',1,8,9)
				  insert into DIEM(MSSV,MAMONHOC,DIEMQUIZ,DIEMLAB,DIEMASSIGNMENT)
				   VALUES('PD02007','WEB1013',4,8,0)
				  insert into DIEM(MSSV,MAMONHOC,DIEMQUIZ,DIEMLAB,DIEMASSIGNMENT) 
				  VALUES('PD02007','CNPM',4,1,9)
				  insert into DIEM(MSSV,MAMONHOC,DIEMQUIZ,DIEMLAB,DIEMASSIGNMENT)
				   VALUES('PD02007','CNPM1',4,8,1)

				  
				   insert into DIEM(MSSV,MAMONHOC,DIEMQUIZ,DIEMLAB,DIEMASSIGNMENT)
				    VALUES('PD02008','MOB2012',5,8,9)
				  insert into DIEM(MSSV,MAMONHOC,DIEMQUIZ,DIEMLAB,DIEMASSIGNMENT)
				   VALUES('PD02008','SKI998',4,8,9)
				  insert into DIEM(MSSV,MAMONHOC,DIEMQUIZ,DIEMLAB,DIEMASSIGNMENT)
				   VALUES('PD02008','COM2012',4,8,9)
				  insert into DIEM(MSSV,MAMONHOC,DIEMQUIZ,DIEMLAB,DIEMASSIGNMENT) 
				  VALUES('PD02008','MOB1013',1,8,9)
				  insert into DIEM(MSSV,MAMONHOC,DIEMQUIZ,DIEMLAB,DIEMASSIGNMENT) 
				  VALUES('PD02008','WEB1013',4,8,0)
				  insert into DIEM(MSSV,MAMONHOC,DIEMQUIZ,DIEMLAB,DIEMASSIGNMENT)
				   VALUES('PD02008','CNPM',4,1,9)
				  insert into DIEM(MSSV,MAMONHOC,DIEMQUIZ,DIEMLAB,DIEMASSIGNMENT)
				   VALUES('PD02008','CNPM1',4,8,1)

				  
				   insert into DIEM(MSSV,MAMONHOC,DIEMQUIZ,DIEMLAB,DIEMASSIGNMENT)
				    VALUES('PD02009','MOB2012',5,8,9)
				  insert into DIEM(MSSV,MAMONHOC,DIEMQUIZ,DIEMLAB,DIEMASSIGNMENT)
				   VALUES('PD02009','SKI998',4,8,9)
				  insert into DIEM(MSSV,MAMONHOC,DIEMQUIZ,DIEMLAB,DIEMASSIGNMENT) 
				  VALUES('PD02009','COM2012',4,8,9)
				  insert into DIEM(MSSV,MAMONHOC,DIEMQUIZ,DIEMLAB,DIEMASSIGNMENT)
				   VALUES('PD02009','MOB1013',1,8,9)
				  insert into DIEM(MSSV,MAMONHOC,DIEMQUIZ,DIEMLAB,DIEMASSIGNMENT) VALUES('PD02009','WEB1013',4,8,0)
				  insert into DIEM(MSSV,MAMONHOC,DIEMQUIZ,DIEMLAB,DIEMASSIGNMENT) 
				  VALUES('PD02009','CNPM',4,1,9)
				  insert into DIEM(MSSV,MAMONHOC,DIEMQUIZ,DIEMLAB,DIEMASSIGNMENT) 
				  VALUES('PD02009','CNPM1',4,8,1)

				    insert into DIEM(MSSV,MAMONHOC,DIEMQUIZ,DIEMLAB,DIEMASSIGNMENT) 
					VALUES('PD02010','MOB2012',5,8,9)
				  insert into DIEM(MSSV,MAMONHOC,DIEMQUIZ,DIEMLAB,DIEMASSIGNMENT) 
				  VALUES('PD02010','SKI998',4,8,9)
				  insert into DIEM(MSSV,MAMONHOC,DIEMQUIZ,DIEMLAB,DIEMASSIGNMENT)
				   VALUES('PD02010','COM2012',4,8,9)
				  insert into DIEM(MSSV,MAMONHOC,DIEMQUIZ,DIEMLAB,DIEMASSIGNMENT)
				   VALUES('PD02010','MOB1013',1,8,9)
				  insert into DIEM(MSSV,MAMONHOC,DIEMQUIZ,DIEMLAB,DIEMASSIGNMENT)
				   VALUES('PD02010','WEB1013',4,8,0)
				  insert into DIEM(MSSV,MAMONHOC,DIEMQUIZ,DIEMLAB,DIEMASSIGNMENT)
				   VALUES('PD02010','CNPM',4,1,9)
				  insert into DIEM(MSSV,MAMONHOC,DIEMQUIZ,DIEMLAB,DIEMASSIGNMENT) 
				  VALUES('PD02010','CNPM1',4,8,1)

				    insert into DIEM(MSSV,MAMONHOC,DIEMQUIZ,DIEMLAB,DIEMASSIGNMENT)
					 VALUES('PD02011','MOB2012',5,8,9)
				  insert into DIEM(MSSV,MAMONHOC,DIEMQUIZ,DIEMLAB,DIEMASSIGNMENT)
				   VALUES('PD02011','SKI998',4,8,9)
				  insert into DIEM(MSSV,MAMONHOC,DIEMQUIZ,DIEMLAB,DIEMASSIGNMENT) 
				  VALUES('PD02011','COM2012',4,8,9)
				  insert into DIEM(MSSV,MAMONHOC,DIEMQUIZ,DIEMLAB,DIEMASSIGNMENT) 
				  VALUES('PD02011','MOB1013',1,8,9)
				  insert into DIEM(MSSV,MAMONHOC,DIEMQUIZ,DIEMLAB,DIEMASSIGNMENT) 
				  VALUES('PD02011','WEB1013',4,8,0)
				  insert into DIEM(MSSV,MAMONHOC,DIEMQUIZ,DIEMLAB,DIEMASSIGNMENT)
				   VALUES('PD02011','CNPM',4,1,9)
				  insert into DIEM(MSSV,MAMONHOC,DIEMQUIZ,DIEMLAB,DIEMASSIGNMENT)
				   VALUES('PD02011','CNPM1',4,8,1)

				    insert into DIEM(MSSV,MAMONHOC,DIEMQUIZ,DIEMLAB,DIEMASSIGNMENT)
					 VALUES('PD02012','MOB2012',5,8,9)
				  insert into DIEM(MSSV,MAMONHOC,DIEMQUIZ,DIEMLAB,DIEMASSIGNMENT)
				   VALUES('PD02012','SKI998',4,8,9)
				  insert into DIEM(MSSV,MAMONHOC,DIEMQUIZ,DIEMLAB,DIEMASSIGNMENT)
				   VALUES('PD02012','COM2012',4,8,9)
				  insert into DIEM(MSSV,MAMONHOC,DIEMQUIZ,DIEMLAB,DIEMASSIGNMENT)
				   VALUES('PD02012','MOB1013',1,8,9)
				  insert into DIEM(MSSV,MAMONHOC,DIEMQUIZ,DIEMLAB,DIEMASSIGNMENT)
				   VALUES('PD02012','WEB1013',4,8,0)
				  insert into DIEM(MSSV,MAMONHOC,DIEMQUIZ,DIEMLAB,DIEMASSIGNMENT) 
				  VALUES('PD02012','CNPM',4,1,9)
				  insert into DIEM(MSSV,MAMONHOC,DIEMQUIZ,DIEMLAB,DIEMASSIGNMENT)
				   VALUES('PD02012','CNPM1',4,8,1)
				 
				  
	      
		      --WEB--
			    INSERT INTO SINH_VIEN_FPOLY(MSSV,HOTEN,NGAYSINH,sdt,email,QUEQUAN,GIOITINH,MALOP,MANGANHHOC,NAMNHAPHOC) 
				VALUES('PD02030',N'NGÔ QUỐC LINH','01/17/1996','0964006666','LYNHPD02030',N'ĐÀ NẴNG',0,'PT12301','WEB',2016)   
		    	 INSERT INTO SINH_VIEN_FPOLY(MSSV,HOTEN,NGAYSINH,sdt,email,QUEQUAN,GIOITINH,MALOP,MANGANHHOC,NAMNHAPHOC)
				  VALUES('PD02056',N'A GIN','01/17/1996','0964006692','LYNHPD02056',N'ĐÀ NẴNG',0,'PT12301','WEB',2016)
	    		 INSERT INTO SINH_VIEN_FPOLY(MSSV,HOTEN,NGAYSINH,sdt,email,QUEQUAN,GIOITINH,MALOP,MANGANHHOC,NAMNHAPHOC)
				  VALUES('PD02057',N'A GÍT','01/17/1996','0964006693','LYNHPD02057',N'ĐÀ NẴNG',1,'PT12301','WEB',2016)	 
			     INSERT INTO SINH_VIEN_FPOLY(MSSV,HOTEN,NGAYSINH,sdt,email,QUEQUAN,GIOITINH,MALOP,MANGANHHOC,NAMNHAPHOC)
				  VALUES('PD02021',N'BỜ RA UM','01/17/1996','0964006791','LYNHPD02021',N'ĐÀ NẴNG',0,'PT12301','WEB',2016)
			     INSERT INTO SINH_VIEN_FPOLY(MSSV,HOTEN,NGAYSINH,sdt,email,QUEQUAN,GIOITINH,MALOP,MANGANHHOC,NAMNHAPHOC)
				  VALUES('PD02022',N'MAN','01/17/1996','0964006792','LYNHPD02022',N'ĐÀ NẴNG',0,'PT12301','WEB',2016)
			     INSERT INTO SINH_VIEN_FPOLY(MSSV,HOTEN,NGAYSINH,sdt,email,QUEQUAN,GIOITINH,MALOP,MANGANHHOC,NAMNHAPHOC) 
				 VALUES('PD02023',N'SONA','01/17/1996','0964006793','LYNHPD02023',N'ĐÀ NẴNG',0,'PT12301','WEB',2016)
			     INSERT INTO SINH_VIEN_FPOLY(MSSV,HOTEN,NGAYSINH,sdt,email,QUEQUAN,GIOITINH,MALOP,MANGANHHOC,NAMNHAPHOC) 
				 VALUES('PD02024',N'HỒ VĂN PHÚC','01/17/1996','0964006794','LYNHPD02024',N'ĐÀ NẴNG',1,'PT12301','WEB',2016)
			     INSERT INTO SINH_VIEN_FPOLY(MSSV,HOTEN,NGAYSINH,sdt,email,QUEQUAN,GIOITINH,MALOP,MANGANHHOC,NAMNHAPHOC)
				  VALUES('PD02025',N'VÕ THỊ HIỀN','01/17/1996','0964006795','LYNHPD02025',N'ĐÀ NẴNG',0,'PT12301','WEB',2016)
				 INSERT INTO SINH_VIEN_FPOLY(MSSV,HOTEN,NGAYSINH,sdt,email,QUEQUAN,GIOITINH,MALOP,MANGANHHOC,NAMNHAPHOC) 
				 VALUES('PD02026',N'ĐẠI HỮU ĐỨC','01/17/1996','0964006796','LYNHPD02026',N'ĐÀ NẴNG',0,'PT12301','WEB',2016)
				 INSERT INTO SINH_VIEN_FPOLY(MSSV,HOTEN,NGAYSINH,sdt,email,QUEQUAN,GIOITINH,MALOP,MANGANHHOC,NAMNHAPHOC)
				  VALUES('PD02027',N'LÊ ĐỨC','01/17/1996','0964006797','LYNHPD02027',N'ĐÀ NẴNG',1,'PT12301','WEB',2016)
				 INSERT INTO SINH_VIEN_FPOLY(MSSV,HOTEN,NGAYSINH,sdt,email,QUEQUAN,GIOITINH,MALOP,MANGANHHOC,NAMNHAPHOC) 
				 VALUES('PD02028',N'ĐẠI HOÀNG','01/17/1996','0964006798','LYNHPD02028',N'ĐÀ NẴNG',0,'PT12301','WEB',2016)
			     INSERT INTO SINH_VIEN_FPOLY(MSSV,HOTEN,NGAYSINH,sdt,email,QUEQUAN,GIOITINH,MALOP,MANGANHHOC,NAMNHAPHOC) 
				 VALUES('PD02029',N'PHẠM QUỐC CƯỜNG','01/17/1996','0964006799','LYNHPD02029',N'ĐÀ NẴNG',0,'PT12301','WEB',2016)
	       
		           insert into DIEM(MSSV,MAMONHOC,DIEMQUIZ,DIEMLAB,DIEMASSIGNMENT)
				    VALUES('PD02030','MOB2012',9,8,9)
				  insert into DIEM(MSSV,MAMONHOC,DIEMQUIZ,DIEMLAB,DIEMASSIGNMENT)
				   VALUES('PD02030','SKI998',9,8,9)
				  insert into DIEM(MSSV,MAMONHOC,DIEMQUIZ,DIEMLAB,DIEMASSIGNMENT)
				   VALUES('PD02030','COM2012',4,8,9)
				  insert into DIEM(MSSV,MAMONHOC,DIEMQUIZ,DIEMLAB,DIEMASSIGNMENT)
				   VALUES('PD02030','MOB1013',9,8,9)
				  insert into DIEM(MSSV,MAMONHOC,DIEMQUIZ,DIEMLAB,DIEMASSIGNMENT)
				   VALUES('PD02030','WEB1013',4,9,9)
				  insert into DIEM(MSSV,MAMONHOC,DIEMQUIZ,DIEMLAB,DIEMASSIGNMENT)
				   VALUES('PD02030','CNPM',4,9,9)
				  insert into DIEM(MSSV,MAMONHOC,DIEMQUIZ,DIEMLAB,DIEMASSIGNMENT)
				   VALUES('PD02030','CNPM1',4,8,9)

				  insert into DIEM(MSSV,MAMONHOC,DIEMQUIZ,DIEMLAB,DIEMASSIGNMENT)
				   VALUES('PD02056','MOB2012',9,8,9)
				  insert into DIEM(MSSV,MAMONHOC,DIEMQUIZ,DIEMLAB,DIEMASSIGNMENT)
				   VALUES('PD02056','SKI998',9,8,9)
				  insert into DIEM(MSSV,MAMONHOC,DIEMQUIZ,DIEMLAB,DIEMASSIGNMENT)
				   VALUES('PD02056','COM2012',9,8,9)
				  insert into DIEM(MSSV,MAMONHOC,DIEMQUIZ,DIEMLAB,DIEMASSIGNMENT)
				   VALUES('PD02056','MOB1013',9,8,9)
				  insert into DIEM(MSSV,MAMONHOC,DIEMQUIZ,DIEMLAB,DIEMASSIGNMENT)
				   VALUES('PD02056','WEB1013',9,8,0)
				  insert into DIEM(MSSV,MAMONHOC,DIEMQUIZ,DIEMLAB,DIEMASSIGNMENT)
				   VALUES('PD02056','CNPM',4,9,9)
				  insert into DIEM(MSSV,MAMONHOC,DIEMQUIZ,DIEMLAB,DIEMASSIGNMENT) 
				  VALUES('PD02056','CNPM1',4,8,9)

				   insert into DIEM(MSSV,MAMONHOC,DIEMQUIZ,DIEMLAB,DIEMASSIGNMENT)
				    VALUES('PD02057','MOB2012',9,8,9)
				  insert into DIEM(MSSV,MAMONHOC,DIEMQUIZ,DIEMLAB,DIEMASSIGNMENT) 
				  VALUES('PD02057','SKI998',9,8,9)
				  insert into DIEM(MSSV,MAMONHOC,DIEMQUIZ,DIEMLAB,DIEMASSIGNMENT)
				   VALUES('PD02057','COM2012',9,8,9)
				  insert into DIEM(MSSV,MAMONHOC,DIEMQUIZ,DIEMLAB,DIEMASSIGNMENT)
				   VALUES('PD02057','MOB1013',9,8,9)
				  insert into DIEM(MSSV,MAMONHOC,DIEMQUIZ,DIEMLAB,DIEMASSIGNMENT)
				   VALUES('PD02057','WEB1013',0,9,0)
				  insert into DIEM(MSSV,MAMONHOC,DIEMQUIZ,DIEMLAB,DIEMASSIGNMENT)
				   VALUES('PD02057','CNPM',4,9,9)
				  insert into DIEM(MSSV,MAMONHOC,DIEMQUIZ,DIEMLAB,DIEMASSIGNMENT)
				   VALUES('PD02057','CNPM1',9,8,1)

				  insert into DIEM(MSSV,MAMONHOC,DIEMQUIZ,DIEMLAB,DIEMASSIGNMENT)
				   VALUES('PD02021','MOB2012',9,8,9)
				  insert into DIEM(MSSV,MAMONHOC,DIEMQUIZ,DIEMLAB,DIEMASSIGNMENT)
				   VALUES('PD02021','SKI998',9,8,9)
				  insert into DIEM(MSSV,MAMONHOC,DIEMQUIZ,DIEMLAB,DIEMASSIGNMENT)
				   VALUES('PD02021','COM2012',9,8,9)
				  insert into DIEM(MSSV,MAMONHOC,DIEMQUIZ,DIEMLAB,DIEMASSIGNMENT)
				   VALUES('PD02021','MOB1013',9,8,9)
				  insert into DIEM(MSSV,MAMONHOC,DIEMQUIZ,DIEMLAB,DIEMASSIGNMENT)
				   VALUES('PD02021','WEB1013',9,8,0)
				  insert into DIEM(MSSV,MAMONHOC,DIEMQUIZ,DIEMLAB,DIEMASSIGNMENT)
				   VALUES('PD02021','CNPM',4,9,9)
				  insert into DIEM(MSSV,MAMONHOC,DIEMQUIZ,DIEMLAB,DIEMASSIGNMENT)
				   VALUES('PD02021','CNPM1',4,8,9)

				  insert into DIEM(MSSV,MAMONHOC,DIEMQUIZ,DIEMLAB,DIEMASSIGNMENT)
				   VALUES('PD02026','MOB2012',9,8,9)
				  insert into DIEM(MSSV,MAMONHOC,DIEMQUIZ,DIEMLAB,DIEMASSIGNMENT)
				   VALUES('PD02026','SKI998',9,8,9)
				  insert into DIEM(MSSV,MAMONHOC,DIEMQUIZ,DIEMLAB,DIEMASSIGNMENT)
				   VALUES('PD02026','COM2012',4,8,9)
				  insert into DIEM(MSSV,MAMONHOC,DIEMQUIZ,DIEMLAB,DIEMASSIGNMENT)
				   VALUES('PD02026','MOB1013',9,8,9)
				  insert into DIEM(MSSV,MAMONHOC,DIEMQUIZ,DIEMLAB,DIEMASSIGNMENT)
				   VALUES('PD02026','WEB1013',4,8,0)
				  insert into DIEM(MSSV,MAMONHOC,DIEMQUIZ,DIEMLAB,DIEMASSIGNMENT)
				   VALUES('PD02026','CNPM',4,9,9)
				  insert into DIEM(MSSV,MAMONHOC,DIEMQUIZ,DIEMLAB,DIEMASSIGNMENT) 
				  VALUES('PD02026','CNPM1',4,8,1)

				   insert into DIEM(MSSV,MAMONHOC,DIEMQUIZ,DIEMLAB,DIEMASSIGNMENT)
				    VALUES('PD02022','MOB2012',5,8,9)
				  insert into DIEM(MSSV,MAMONHOC,DIEMQUIZ,DIEMLAB,DIEMASSIGNMENT) 
				  VALUES('PD02022','SKI998',9,8,9)
				  insert into DIEM(MSSV,MAMONHOC,DIEMQUIZ,DIEMLAB,DIEMASSIGNMENT)
				   VALUES('PD02022','COM2012',4,8,9)
				  insert into DIEM(MSSV,MAMONHOC,DIEMQUIZ,DIEMLAB,DIEMASSIGNMENT)
				   VALUES('PD02022','MOB1013',9,8,9)
				  insert into DIEM(MSSV,MAMONHOC,DIEMQUIZ,DIEMLAB,DIEMASSIGNMENT)
				   VALUES('PD02022','WEB1013',4,8,0)
				  insert into DIEM(MSSV,MAMONHOC,DIEMQUIZ,DIEMLAB,DIEMASSIGNMENT)
				   VALUES('PD02022','CNPM',4,1,9)
				  insert into DIEM(MSSV,MAMONHOC,DIEMQUIZ,DIEMLAB,DIEMASSIGNMENT)
				   VALUES('PD02022','CNPM1',4,8,9)

				  insert into DIEM(MSSV,MAMONHOC,DIEMQUIZ,DIEMLAB,DIEMASSIGNMENT)
				   VALUES('PD02023','MOB2012',5,8,9)
				  insert into DIEM(MSSV,MAMONHOC,DIEMQUIZ,DIEMLAB,DIEMASSIGNMENT)
				   VALUES('PD02023','SKI998',9,8,9)
				  insert into DIEM(MSSV,MAMONHOC,DIEMQUIZ,DIEMLAB,DIEMASSIGNMENT) 
				  VALUES('PD02023','COM2012',4,8,9)
				  insert into DIEM(MSSV,MAMONHOC,DIEMQUIZ,DIEMLAB,DIEMASSIGNMENT)
				   VALUES('PD02023','MOB1013',9,8,9)
				  insert into DIEM(MSSV,MAMONHOC,DIEMQUIZ,DIEMLAB,DIEMASSIGNMENT)
				   VALUES('PD02023','WEB1013',4,8,0)
				  insert into DIEM(MSSV,MAMONHOC,DIEMQUIZ,DIEMLAB,DIEMASSIGNMENT)
				   VALUES('PD02023','CNPM',4,9,9)
				  insert into DIEM(MSSV,MAMONHOC,DIEMQUIZ,DIEMLAB,DIEMASSIGNMENT)
				   VALUES('PD02023','CNPM1',4,8,1)

				   insert into DIEM(MSSV,MAMONHOC,DIEMQUIZ,DIEMLAB,DIEMASSIGNMENT) 
				   VALUES('PD02024','MOB2012',9,8,9)
				  insert into DIEM(MSSV,MAMONHOC,DIEMQUIZ,DIEMLAB,DIEMASSIGNMENT)
				   VALUES('PD02024','SKI998',4,8,9)
				  insert into DIEM(MSSV,MAMONHOC,DIEMQUIZ,DIEMLAB,DIEMASSIGNMENT)
				   VALUES('PD02024','COM2012',4,8,9)
				  insert into DIEM(MSSV,MAMONHOC,DIEMQUIZ,DIEMLAB,DIEMASSIGNMENT)
				   VALUES('PD02024','MOB1013',1,8,9)
				  insert into DIEM(MSSV,MAMONHOC,DIEMQUIZ,DIEMLAB,DIEMASSIGNMENT) 
				  VALUES('PD02024','WEB1013',4,8,0)
				  insert into DIEM(MSSV,MAMONHOC,DIEMQUIZ,DIEMLAB,DIEMASSIGNMENT)
				   VALUES('PD02024','CNPM',4,1,9)
				  insert into DIEM(MSSV,MAMONHOC,DIEMQUIZ,DIEMLAB,DIEMASSIGNMENT)
				   VALUES('PD02024','CNPM1',4,8,1)

				   insert into DIEM(MSSV,MAMONHOC,DIEMQUIZ,DIEMLAB,DIEMASSIGNMENT) 
				   VALUES('PD02025','MOB2012',5,8,9)
				  insert into DIEM(MSSV,MAMONHOC,DIEMQUIZ,DIEMLAB,DIEMASSIGNMENT)
				   VALUES('PD02025','SKI998',4,8,9)
				  insert into DIEM(MSSV,MAMONHOC,DIEMQUIZ,DIEMLAB,DIEMASSIGNMENT)
				   VALUES('PD02025','COM2012',4,8,9)
				  insert into DIEM(MSSV,MAMONHOC,DIEMQUIZ,DIEMLAB,DIEMASSIGNMENT)
				   VALUES('PD02025','MOB1013',1,8,9)
				  insert into DIEM(MSSV,MAMONHOC,DIEMQUIZ,DIEMLAB,DIEMASSIGNMENT)
				   VALUES('PD02025','WEB1013',4,8,0)
				  insert into DIEM(MSSV,MAMONHOC,DIEMQUIZ,DIEMLAB,DIEMASSIGNMENT)
				   VALUES('PD02025','CNPM',4,1,9)
				  insert into DIEM(MSSV,MAMONHOC,DIEMQUIZ,DIEMLAB,DIEMASSIGNMENT)
				   VALUES('PD02025','CNPM1',4,8,1)

				    insert into DIEM(MSSV,MAMONHOC,DIEMQUIZ,DIEMLAB,DIEMASSIGNMENT)
					 VALUES('PD02027','MOB2012',5,8,9)
				  insert into DIEM(MSSV,MAMONHOC,DIEMQUIZ,DIEMLAB,DIEMASSIGNMENT)
				   VALUES('PD02027','SKI998',4,8,9)
				  insert into DIEM(MSSV,MAMONHOC,DIEMQUIZ,DIEMLAB,DIEMASSIGNMENT)
				   VALUES('PD02027','COM2012',4,8,9)
				  insert into DIEM(MSSV,MAMONHOC,DIEMQUIZ,DIEMLAB,DIEMASSIGNMENT)
				   VALUES('PD02027','MOB1013',1,8,9)
				  insert into DIEM(MSSV,MAMONHOC,DIEMQUIZ,DIEMLAB,DIEMASSIGNMENT)
				   VALUES('PD02027','WEB1013',4,8,0)
				  insert into DIEM(MSSV,MAMONHOC,DIEMQUIZ,DIEMLAB,DIEMASSIGNMENT)
				   VALUES('PD02027','CNPM',4,1,9)
				  insert into DIEM(MSSV,MAMONHOC,DIEMQUIZ,DIEMLAB,DIEMASSIGNMENT)
				   VALUES('PD02027','CNPM1',4,8,1)

				    insert into DIEM(MSSV,MAMONHOC,DIEMQUIZ,DIEMLAB,DIEMASSIGNMENT)
					 VALUES('PD02028','MOB2012',5,8,9)
				  insert into DIEM(MSSV,MAMONHOC,DIEMQUIZ,DIEMLAB,DIEMASSIGNMENT) 
				  VALUES('PD02028','SKI998',4,8,9)
				  insert into DIEM(MSSV,MAMONHOC,DIEMQUIZ,DIEMLAB,DIEMASSIGNMENT)
				   VALUES('PD02028','COM2012',4,8,9)
				  insert into DIEM(MSSV,MAMONHOC,DIEMQUIZ,DIEMLAB,DIEMASSIGNMENT)
				   VALUES('PD02028','MOB1013',1,8,9)
				  insert into DIEM(MSSV,MAMONHOC,DIEMQUIZ,DIEMLAB,DIEMASSIGNMENT)
				   VALUES('PD02028','WEB1013',4,8,0)
				  insert into DIEM(MSSV,MAMONHOC,DIEMQUIZ,DIEMLAB,DIEMASSIGNMENT)
				   VALUES('PD02028','CNPM',4,1,9)
				  insert into DIEM(MSSV,MAMONHOC,DIEMQUIZ,DIEMLAB,DIEMASSIGNMENT) 
				  VALUES('PD02028','CNPM1',4,8,1)

				    insert into DIEM(MSSV,MAMONHOC,DIEMQUIZ,DIEMLAB,DIEMASSIGNMENT) 
					VALUES('PD02029','MOB2012',5,8,9)
				  insert into DIEM(MSSV,MAMONHOC,DIEMQUIZ,DIEMLAB,DIEMASSIGNMENT) 
				  VALUES('PD02029','SKI998',4,9,9)
				  insert into DIEM(MSSV,MAMONHOC,DIEMQUIZ,DIEMLAB,DIEMASSIGNMENT)
				   VALUES('PD02029','COM2012',9,8,9)
				  insert into DIEM(MSSV,MAMONHOC,DIEMQUIZ,DIEMLAB,DIEMASSIGNMENT)
				   VALUES('PD02029','MOB1013',9,8,9)
				  insert into DIEM(MSSV,MAMONHOC,DIEMQUIZ,DIEMLAB,DIEMASSIGNMENT) 
				  VALUES('PD02029','WEB1013',4,8,0)
				  insert into DIEM(MSSV,MAMONHOC,DIEMQUIZ,DIEMLAB,DIEMASSIGNMENT)
				   VALUES('PD02029','CNPM',4,9,9)
				  insert into DIEM(MSSV,MAMONHOC,DIEMQUIZ,DIEMLAB,DIEMASSIGNMENT) 
				  VALUES('PD02029','CNPM1',4,8,1)





     
			   
	           --NGÀNH MOBLE--
		  
				INSERT INTO SINH_VIEN_FPOLY(MSSV,HOTEN,NGAYSINH,sdt,email,QUEQUAN,GIOITINH,MALOP,MANGANHHOC,NAMNHAPHOC) 
				VALUES('PD02034',N'LÊ VAN','01/1/1996','0964006670','LYNHPD02034',N'ĐÀ NẴNG',0,'PT12302','MOBILE',2016)
			    INSERT INTO SINH_VIEN_FPOLY(MSSV,HOTEN,NGAYSINH,sdt,email,QUEQUAN,GIOITINH,MALOP,MANGANHHOC,NAMNHAPHOC)
				 VALUES('PD02035',N'RO BÉC','01/1/1996','0964006671','LYNHPD02035',N'ĐÀ NẴNG',0,'PT12302','MOBILE',2016)
				INSERT INTO SINH_VIEN_FPOLY(MSSV,HOTEN,NGAYSINH,sdt,email,QUEQUAN,GIOITINH,MALOP,MANGANHHOC,NAMNHAPHOC)
				 VALUES('PD02036',N'RA MỐT','01/1/1996','0964006672','LYNHPD02036',N'ĐÀ NẴNG',0,'PT12302','MOBILE',2016)
			    INSERT INTO SINH_VIEN_FPOLY(MSSV,HOTEN,NGAYSINH,sdt,email,QUEQUAN,GIOITINH,MALOP,MANGANHHOC,NAMNHAPHOC)
				 VALUES('PD02037',N' NAN ĐO','01/1/1996','0964006673','LYNHPD02037',N'ĐÀ NẴNG',0,'PT12302','MOBILE',2016)
			    INSERT INTO SINH_VIEN_FPOLY(MSSV,HOTEN,NGAYSINH,sdt,email,QUEQUAN,GIOITINH,MALOP,MANGANHHOC,NAMNHAPHOC) 
				VALUES('PD02038',N' QUÊ','01/1/1996','0964006674','LYNHPD02038',N'ĐÀ NẴNG',0,'PT12302','MOBILE',2016)
			    INSERT INTO SINH_VIEN_FPOLY(MSSV,HOTEN,NGAYSINH,sdt,email,QUEQUAN,GIOITINH,MALOP,MANGANHHOC,NAMNHAPHOC) 
				VALUES('PD02046',N'ĐỜ ','01/1/1996','0964006675','LYNHPD02039',N'ĐÀ NẴNG',0,'PT12302','MOBILE',2016)
			    INSERT INTO SINH_VIEN_FPOLY(MSSV,HOTEN,NGAYSINH,sdt,email,QUEQUAN,GIOITINH,MALOP,MANGANHHOC,NAMNHAPHOC) 
				VALUES('PD02039',N'NA','01/1/1996','0964006676','LYNHPD02040',N'ĐÀ NẴNG',0,'PT12302','MOBILE',2016)
			    INSERT INTO SINH_VIEN_FPOLY(MSSV,HOTEN,NGAYSINH,sdt,email,QUEQUAN,GIOITINH,MALOP,MANGANHHOC,NAMNHAPHOC)
				 VALUES('PD02040',N'ĐỨC','01/1/1996','0964006677','LYNHPD02046',N'ĐÀ NẴNG',1,'PT12302','MOBILE',2016)
				INSERT INTO SINH_VIEN_FPOLY(MSSV,HOTEN,NGAYSINH,sdt,email,QUEQUAN,GIOITINH,MALOP,MANGANHHOC,NAMNHAPHOC)
				 VALUES('PD02041',N'MUN','01/1/1996','0964006678','LYNHPD02041',N'ĐÀ NẴNG',0,'PT12302','MOBILE',2016)
			    INSERT INTO SINH_VIEN_FPOLY(MSSV,HOTEN,NGAYSINH,sdt,email,QUEQUAN,GIOITINH,MALOP,MANGANHHOC,NAMNHAPHOC) 
				VALUES('PD02042',N'JAVA','01/1/1996','0964006679','LYNHPD02042',N'ĐÀ NẴNG',1,'PT12302','MOBILE',2016)
			    INSERT INTO SINH_VIEN_FPOLY(MSSV,HOTEN,NGAYSINH,sdt,email,QUEQUAN,GIOITINH,MALOP,MANGANHHOC,NAMNHAPHOC)
				 VALUES('PD02032',N'ĐẠI NGỌC HOÀNG','01/1/1996','0964006668','LYNHPD02032',N'ĐÀ NẴNG',0,'PT12302','MOBILE',2016)
			    INSERT INTO SINH_VIEN_FPOLY(MSSV,HOTEN,NGAYSINH,sdt,email,QUEQUAN,GIOITINH,MALOP,MANGANHHOC,NAMNHAPHOC)
				 VALUES('PD02033',N'MAI','01/1/1996','0964006669','LYNHPD02033',N'ĐÀ NẴNG',0,'PT12302','MOBILE',2016)

				    insert into DIEM(MSSV,MAMONHOC,DIEMQUIZ,DIEMLAB,DIEMASSIGNMENT) 
					VALUES('PD02034','MOB2012',8,8,9)
				  insert into DIEM(MSSV,MAMONHOC,DIEMQUIZ,DIEMLAB,DIEMASSIGNMENT) 
				  VALUES('PD02034','SKI998',8,8,9)
				  insert into DIEM(MSSV,MAMONHOC,DIEMQUIZ,DIEMLAB,DIEMASSIGNMENT)
				   VALUES('PD02034','COM2012',8,8,9)
				  insert into DIEM(MSSV,MAMONHOC,DIEMQUIZ,DIEMLAB,DIEMASSIGNMENT)
				   VALUES('PD02034','MOB1013',8,8,9)
				  insert into DIEM(MSSV,MAMONHOC,DIEMQUIZ,DIEMLAB,DIEMASSIGNMENT)
				   VALUES('PD02034','WEB1013',8,8,0)
				  insert into DIEM(MSSV,MAMONHOC,DIEMQUIZ,DIEMLAB,DIEMASSIGNMENT)
				   VALUES('PD02034','CNPM',4,8,9)
				  insert into DIEM(MSSV,MAMONHOC,DIEMQUIZ,DIEMLAB,DIEMASSIGNMENT)
				   VALUES('PD02034','CNPM1',8,8,1)

				   insert into DIEM(MSSV,MAMONHOC,DIEMQUIZ,DIEMLAB,DIEMASSIGNMENT)
				    VALUES('PD02035','MOB2012',8,8,9)
				  insert into DIEM(MSSV,MAMONHOC,DIEMQUIZ,DIEMLAB,DIEMASSIGNMENT)
				   VALUES('PD02035','SKI998',8,8,9)
				  insert into DIEM(MSSV,MAMONHOC,DIEMQUIZ,DIEMLAB,DIEMASSIGNMENT)
				   VALUES('PD02035','COM2012',8,8,9)
				  insert into DIEM(MSSV,MAMONHOC,DIEMQUIZ,DIEMLAB,DIEMASSIGNMENT)
				   VALUES('PD02035','MOB1013',8,8,9)
				  insert into DIEM(MSSV,MAMONHOC,DIEMQUIZ,DIEMLAB,DIEMASSIGNMENT)
				   VALUES('PD02035','WEB1013',8,8,0)
				  insert into DIEM(MSSV,MAMONHOC,DIEMQUIZ,DIEMLAB,DIEMASSIGNMENT)
				   VALUES('PD02035','CNPM',4,8,9)
				  insert into DIEM(MSSV,MAMONHOC,DIEMQUIZ,DIEMLAB,DIEMASSIGNMENT)
				   VALUES('PD02035','CNPM1',4,8,8)

				   insert into DIEM(MSSV,MAMONHOC,DIEMQUIZ,DIEMLAB,DIEMASSIGNMENT)
				    VALUES('PD02036','MOB2012',8,8,9)
				  insert into DIEM(MSSV,MAMONHOC,DIEMQUIZ,DIEMLAB,DIEMASSIGNMENT) 
				  VALUES('PD02036','SKI998',4,8,9)
				  insert into DIEM(MSSV,MAMONHOC,DIEMQUIZ,DIEMLAB,DIEMASSIGNMENT)
				   VALUES('PD02036','COM2012',8,8,9)
				  insert into DIEM(MSSV,MAMONHOC,DIEMQUIZ,DIEMLAB,DIEMASSIGNMENT)
				   VALUES('PD02036','MOB1013',8,8,9)
				  insert into DIEM(MSSV,MAMONHOC,DIEMQUIZ,DIEMLAB,DIEMASSIGNMENT)
				   VALUES('PD02036','WEB1013',8,8,0)
				  insert into DIEM(MSSV,MAMONHOC,DIEMQUIZ,DIEMLAB,DIEMASSIGNMENT)
				   VALUES('PD02036','CNPM',4,8,9)
				  insert into DIEM(MSSV,MAMONHOC,DIEMQUIZ,DIEMLAB,DIEMASSIGNMENT)
				   VALUES('PD02036','CNPM1',4,8,8)

				   insert into DIEM(MSSV,MAMONHOC,DIEMQUIZ,DIEMLAB,DIEMASSIGNMENT)
				    VALUES('PD02037','MOB2012',8,8,9)
				  insert into DIEM(MSSV,MAMONHOC,DIEMQUIZ,DIEMLAB,DIEMASSIGNMENT)
				   VALUES('PD02037','SKI998',8,8,9)
				  insert into DIEM(MSSV,MAMONHOC,DIEMQUIZ,DIEMLAB,DIEMASSIGNMENT)
				   VALUES('PD02037','COM2012',8,8,9)
				  insert into DIEM(MSSV,MAMONHOC,DIEMQUIZ,DIEMLAB,DIEMASSIGNMENT) 
				  VALUES('PD02037','MOB1013',8,8,9)
				  insert into DIEM(MSSV,MAMONHOC,DIEMQUIZ,DIEMLAB,DIEMASSIGNMENT) 
				  VALUES('PD02037','WEB1013',8,8,0)
				  insert into DIEM(MSSV,MAMONHOC,DIEMQUIZ,DIEMLAB,DIEMASSIGNMENT) 
				  VALUES('PD02037','CNPM',4,9,9)
				  insert into DIEM(MSSV,MAMONHOC,DIEMQUIZ,DIEMLAB,DIEMASSIGNMENT)
				   VALUES('PD02037','CNPM1',4,9,9)

				   insert into DIEM(MSSV,MAMONHOC,DIEMQUIZ,DIEMLAB,DIEMASSIGNMENT)
				    VALUES('PD02038','MOB2012',5,9,9)
				  insert into DIEM(MSSV,MAMONHOC,DIEMQUIZ,DIEMLAB,DIEMASSIGNMENT)
				   VALUES('PD02038','SKI998',9,8,9)
				  insert into DIEM(MSSV,MAMONHOC,DIEMQUIZ,DIEMLAB,DIEMASSIGNMENT)
				   VALUES('PD02038','COM2012',9,8,9)
				  insert into DIEM(MSSV,MAMONHOC,DIEMQUIZ,DIEMLAB,DIEMASSIGNMENT)
				   VALUES('PD02038','MOB1013',9,8,9)
				  insert into DIEM(MSSV,MAMONHOC,DIEMQUIZ,DIEMLAB,DIEMASSIGNMENT) 
				  VALUES('PD02038','WEB1013',9,8,0)
				  insert into DIEM(MSSV,MAMONHOC,DIEMQUIZ,DIEMLAB,DIEMASSIGNMENT)
				   VALUES('PD02038','CNPM',4,9,9)
				  insert into DIEM(MSSV,MAMONHOC,DIEMQUIZ,DIEMLAB,DIEMASSIGNMENT) 
				  VALUES('PD02038','CNPM1',4,8,9)

				  insert into DIEM(MSSV,MAMONHOC,DIEMQUIZ,DIEMLAB,DIEMASSIGNMENT) 
				  VALUES('PD02039','MOB2012',9,8,9)
				  insert into DIEM(MSSV,MAMONHOC,DIEMQUIZ,DIEMLAB,DIEMASSIGNMENT)
				   VALUES('PD02039','SKI998',9,8,9)
				  insert into DIEM(MSSV,MAMONHOC,DIEMQUIZ,DIEMLAB,DIEMASSIGNMENT)
				   VALUES('PD02039','COM2012',9,8,9)
				  insert into DIEM(MSSV,MAMONHOC,DIEMQUIZ,DIEMLAB,DIEMASSIGNMENT)
				   VALUES('PD02039','MOB1013',9,8,9)
				  insert into DIEM(MSSV,MAMONHOC,DIEMQUIZ,DIEMLAB,DIEMASSIGNMENT)
				   VALUES('PD02039','WEB1013',9,8,0)
				  insert into DIEM(MSSV,MAMONHOC,DIEMQUIZ,DIEMLAB,DIEMASSIGNMENT)
				   VALUES('PD02034','CNPM',4,9,9)
				  insert into DIEM(MSSV,MAMONHOC,DIEMQUIZ,DIEMLAB,DIEMASSIGNMENT)
				   VALUES('PD02039','CNPM1',4,8,9)

				  insert into DIEM(MSSV,MAMONHOC,DIEMQUIZ,DIEMLAB,DIEMASSIGNMENT)
				   VALUES('PD02040','MOB2012',9,8,9)
				  insert into DIEM(MSSV,MAMONHOC,DIEMQUIZ,DIEMLAB,DIEMASSIGNMENT)
				   VALUES('PD02040','SKI998',9,8,9)
				  insert into DIEM(MSSV,MAMONHOC,DIEMQUIZ,DIEMLAB,DIEMASSIGNMENT)
				   VALUES('PD02040','COM2012',9,8,9)
				  insert into DIEM(MSSV,MAMONHOC,DIEMQUIZ,DIEMLAB,DIEMASSIGNMENT)
				   VALUES('PD02040','MOB1013',9,8,9)
				  insert into DIEM(MSSV,MAMONHOC,DIEMQUIZ,DIEMLAB,DIEMASSIGNMENT)
				   VALUES('PD02040','WEB1013',4,8,0)
				  insert into DIEM(MSSV,MAMONHOC,DIEMQUIZ,DIEMLAB,DIEMASSIGNMENT)
				   VALUES('PD02040','CNPM',4,9,9)
				  insert into DIEM(MSSV,MAMONHOC,DIEMQUIZ,DIEMLAB,DIEMASSIGNMENT)
				   VALUES('PD02040','CNPM1',4,8,9)

				  insert into DIEM(MSSV,MAMONHOC,DIEMQUIZ,DIEMLAB,DIEMASSIGNMENT)
				   VALUES('PD02041','MOB2012',9,8,9)
				  insert into DIEM(MSSV,MAMONHOC,DIEMQUIZ,DIEMLAB,DIEMASSIGNMENT)
				   VALUES('PD02041','SKI998',9,8,9)
				  insert into DIEM(MSSV,MAMONHOC,DIEMQUIZ,DIEMLAB,DIEMASSIGNMENT)
				   VALUES('PD02041','COM2012',9,8,9)
				  insert into DIEM(MSSV,MAMONHOC,DIEMQUIZ,DIEMLAB,DIEMASSIGNMENT)
				   VALUES('PD02041','MOB1013',9,8,9)
				  insert into DIEM(MSSV,MAMONHOC,DIEMQUIZ,DIEMLAB,DIEMASSIGNMENT)
				   VALUES('PD02041','WEB1013',9,8,0)
				  insert into DIEM(MSSV,MAMONHOC,DIEMQUIZ,DIEMLAB,DIEMASSIGNMENT)
				   VALUES('PD02041','CNPM',4,9,9)
				  insert into DIEM(MSSV,MAMONHOC,DIEMQUIZ,DIEMLAB,DIEMASSIGNMENT)
				   VALUES('PD02041','CNPM1',4,8,9)

				  insert into DIEM(MSSV,MAMONHOC,DIEMQUIZ,DIEMLAB,DIEMASSIGNMENT)
				   VALUES('PD02042','MOB2012',9,8,9)
				  insert into DIEM(MSSV,MAMONHOC,DIEMQUIZ,DIEMLAB,DIEMASSIGNMENT)
				   VALUES('PD02042','SKI998',9,8,9)
				  insert into DIEM(MSSV,MAMONHOC,DIEMQUIZ,DIEMLAB,DIEMASSIGNMENT) 
				  VALUES('PD02042','COM2012',9,8,9)
				  insert into DIEM(MSSV,MAMONHOC,DIEMQUIZ,DIEMLAB,DIEMASSIGNMENT)
				   VALUES('PD02042','MOB1013',9,8,9)
				  insert into DIEM(MSSV,MAMONHOC,DIEMQUIZ,DIEMLAB,DIEMASSIGNMENT)
				   VALUES('PD02042','WEB1013',4,8,9)
				  insert into DIEM(MSSV,MAMONHOC,DIEMQUIZ,DIEMLAB,DIEMASSIGNMENT)
				   VALUES('PD02042','CNPM',4,9,9)
				  insert into DIEM(MSSV,MAMONHOC,DIEMQUIZ,DIEMLAB,DIEMASSIGNMENT)
				   VALUES('PD02042','CNPM1',4,8,9)

				    insert into DIEM(MSSV,MAMONHOC,DIEMQUIZ,DIEMLAB,DIEMASSIGNMENT) 
					VALUES('PD02046','MOB2012',9,8,9)
				  insert into DIEM(MSSV,MAMONHOC,DIEMQUIZ,DIEMLAB,DIEMASSIGNMENT)
				   VALUES('PD02046','SKI998',9,8,9)
				  insert into DIEM(MSSV,MAMONHOC,DIEMQUIZ,DIEMLAB,DIEMASSIGNMENT)
				   VALUES('PD02046','COM2012',9,8,9)
				  insert into DIEM(MSSV,MAMONHOC,DIEMQUIZ,DIEMLAB,DIEMASSIGNMENT)
				   VALUES('PD02046','MOB1013',9,8,9)
				  insert into DIEM(MSSV,MAMONHOC,DIEMQUIZ,DIEMLAB,DIEMASSIGNMENT)
				   VALUES('PD02046','WEB1013',8,8,0)
				  insert into DIEM(MSSV,MAMONHOC,DIEMQUIZ,DIEMLAB,DIEMASSIGNMENT) 
				  VALUES('PD02046','CNPM',4,8,9)
				  insert into DIEM(MSSV,MAMONHOC,DIEMQUIZ,DIEMLAB,DIEMASSIGNMENT)
				   VALUES('PD02046','CNPM1',4,8,8)

				    insert into DIEM(MSSV,MAMONHOC,DIEMQUIZ,DIEMLAB,DIEMASSIGNMENT)
					 VALUES('PD02032','MOB2012',8,8,9)
				  insert into DIEM(MSSV,MAMONHOC,DIEMQUIZ,DIEMLAB,DIEMASSIGNMENT)
				   VALUES('PD02032','SKI998',4,8,9)
				  insert into DIEM(MSSV,MAMONHOC,DIEMQUIZ,DIEMLAB,DIEMASSIGNMENT)
				   VALUES('PD02032','COM2012',8,8,9)
				  insert into DIEM(MSSV,MAMONHOC,DIEMQUIZ,DIEMLAB,DIEMASSIGNMENT) 
				  VALUES('PD02032','MOB1013',8,8,9)
				  insert into DIEM(MSSV,MAMONHOC,DIEMQUIZ,DIEMLAB,DIEMASSIGNMENT)
				   VALUES('PD02032','WEB1013',8,8,0)
				  insert into DIEM(MSSV,MAMONHOC,DIEMQUIZ,DIEMLAB,DIEMASSIGNMENT)
				   VALUES('PD02032','CNPM',4,8,9)
				  insert into DIEM(MSSV,MAMONHOC,DIEMQUIZ,DIEMLAB,DIEMASSIGNMENT)
				   VALUES('PD02032','CNPM1',4,8,8)

				    insert into DIEM(MSSV,MAMONHOC,DIEMQUIZ,DIEMLAB,DIEMASSIGNMENT)
					 VALUES('PD02033','MOB2012',7,8,9)
				  insert into DIEM(MSSV,MAMONHOC,DIEMQUIZ,DIEMLAB,DIEMASSIGNMENT) 
				  VALUES('PD02033','SKI998',4,8,7)
				  insert into DIEM(MSSV,MAMONHOC,DIEMQUIZ,DIEMLAB,DIEMASSIGNMENT) 
				  VALUES('PD02033','COM2012',7,8,9)
				  insert into DIEM(MSSV,MAMONHOC,DIEMQUIZ,DIEMLAB,DIEMASSIGNMENT)
				   VALUES('PD02033','MOB1013',7,8,9)
				  insert into DIEM(MSSV,MAMONHOC,DIEMQUIZ,DIEMLAB,DIEMASSIGNMENT)
				   VALUES('PD02033','WEB1013',7,8,0)
				  insert into DIEM(MSSV,MAMONHOC,DIEMQUIZ,DIEMLAB,DIEMASSIGNMENT) 
				  VALUES('PD02033','CNPM',4,7,9)
				  insert into DIEM(MSSV,MAMONHOC,DIEMQUIZ,DIEMLAB,DIEMASSIGNMENT)
				   VALUES('PD02033','CNPM1',4,8,7)


				  
				 
		         --DU LỊCH--
			     INSERT INTO SINH_VIEN_FPOLY(MSSV,HOTEN,NGAYSINH,sdt,email,QUEQUAN,GIOITINH,MALOP,MANGANHHOC,NAMNHAPHOC) 
				 VALUES('PD02064',N'A GA','01/1/1996','0964006100','LYNHPD01991',N'ĐÀ NẴNG',1,'PT12305','DULICH',2016)
				 INSERT INTO SINH_VIEN_FPOLY(MSSV,HOTEN,NGAYSINH,sdt,email,QUEQUAN,GIOITINH,MALOP,MANGANHHOC,NAMNHAPHOC)
				  VALUES('PD02065',N'CHONG','01/1/1996','0964006701','LYNHPD01992',N'ĐÀ NẴNG',0,'PT12305','DULICH',2016)
				 INSERT INTO SINH_VIEN_FPOLY(MSSV,HOTEN,NGAYSINH,sdt,email,QUEQUAN,GIOITINH,MALOP,MANGANHHOC,NAMNHAPHOC)
				  VALUES('PD02066',N'ĐÒ','01/1/1996','0964006702','LYNHPD01993',N'ĐÀ NẴNG',1,'PT12305','DULICH',2016)
				 INSERT INTO SINH_VIEN_FPOLY(MSSV,HOTEN,NGAYSINH,sdt,email,QUEQUAN,GIOITINH,MALOP,MANGANHHOC,NAMNHAPHOC)
				  VALUES('PD02067',N' BẮC','01/1/1996','0964006703','LYNHPD01994',N'ĐÀ NẴNG',0,'PT12305','DULICH',2016)
			     INSERT INTO SINH_VIEN_FPOLY(MSSV,HOTEN,NGAYSINH,sdt,email,QUEQUAN,GIOITINH,MALOP,MANGANHHOC,NAMNHAPHOC) 
				 VALUES('PD02068',N' RA','01/1/1996','0978654456','LYNHPD01995',N'ĐÀ NẴNG',0,'PT12305','DULICH',2016)
			     INSERT INTO SINH_VIEN_FPOLY(MSSV,HOTEN,NGAYSINH,sdt,email,QUEQUAN,GIOITINH,MALOP,MANGANHHOC,NAMNHAPHOC) 
				 VALUES('PD02069',N'CO','01/1/1996','0964004457','LYNHPD01996',N'ĐÀ NẴNG',1,'PT12305','DULICH',2016)
			     INSERT INTO SINH_VIEN_FPOLY(MSSV,HOTEN,NGAYSINH,sdt,email,QUEQUAN,GIOITINH,MALOP,MANGANHHOC,NAMNHAPHOC)
				  VALUES('PD02070',N'NIA','01/1/1996','0964004444','LYNHPD01997',N'ĐÀ NẴNG',0,'PT12305','DULICH',2016)
				 INSERT INTO SINH_VIEN_FPOLY(MSSV,HOTEN,NGAYSINH,sdt,email,QUEQUAN,GIOITINH,MALOP,MANGANHHOC,NAMNHAPHOC)
				  VALUES('PD02071',N'NIEN','01/1/1996','0964004442','LYNHPD01998',N'ĐÀ NẴNG',1,'PT12305','DULICH',2016)
				  INSERT INTO SINH_VIEN_FPOLY(MSSV,HOTEN,NGAYSINH,sdt,email,QUEQUAN,GIOITINH,MALOP,MANGANHHOC,NAMNHAPHOC) 
				  VALUES('PD02072',N'A XAI','01/1/1996','0964004443','LYNHPD01999',N'ĐÀ NẴNG',1,'PT12305','DULICH',2016)
				  INSERT INTO SINH_VIEN_FPOLY(MSSV,HOTEN,NGAYSINH,sdt,email,QUEQUAN,GIOITINH,MALOP,MANGANHHOC,NAMNHAPHOC)
				   VALUES('PD02073',N'LA LA','01/1/1996','0964004449','LYNHPD01867',N'ĐÀ NẴNG',0,'PT12305','DULICH',2016)
				  INSERT INTO SINH_VIEN_FPOLY(MSSV,HOTEN,NGAYSINH,sdt,email,QUEQUAN,GIOITINH,MALOP,MANGANHHOC,NAMNHAPHOC) 
				  VALUES('PD02074',N'LY','01/1/1996','0964004445','LYNHPD01489',N'ĐÀ NẴNG',1,'PT12305','DULICH',2016)
				  INSERT INTO SINH_VIEN_FPOLY(MSSV,HOTEN,NGAYSINH,sdt,email,QUEQUAN,GIOITINH,MALOP,MANGANHHOC,NAMNHAPHOC) 
				  VALUES('PD02112',N'ÂN HÂN','01/1/1996','0964004451','LYNHPD01500',N'ĐÀ NẴNG',1,'PT12305','DULICH',2016)
		       
			                             

                   insert into DIEM(MSSV,MAMONHOC,DIEMQUIZ,DIEMLAB,DIEMASSIGNMENT) VALUES('PD02064','MOB2012',5,8,9)
				   insert into DIEM(MSSV,MAMONHOC,DIEMQUIZ,DIEMLAB,DIEMASSIGNMENT) VALUES('PD02064','SKI998',4,8,9)
				   insert into DIEM(MSSV,MAMONHOC,DIEMQUIZ,DIEMLAB,DIEMASSIGNMENT) VALUES('PD02064','ENGLISH',4,8,9)
				   insert into DIEM(MSSV,MAMONHOC,DIEMQUIZ,DIEMLAB,DIEMASSIGNMENT) VALUES('PD02064','ENGLISH1',4,8,9)
				   insert into DIEM(MSSV,MAMONHOC,DIEMQUIZ,DIEMLAB,DIEMASSIGNMENT) VALUES('PD02064','KT104',4,8,9)
				   insert into DIEM(MSSV,MAMONHOC,DIEMQUIZ,DIEMLAB,DIEMASSIGNMENT) VALUES('PD02064','DL101',4,8,9)
				   insert into DIEM(MSSV,MAMONHOC,DIEMQUIZ,DIEMLAB,DIEMASSIGNMENT) VALUES('PD02064','QT234',4,8,9)

				    insert into DIEM(MSSV,MAMONHOC,DIEMQUIZ,DIEMLAB,DIEMASSIGNMENT) VALUES('PD02065','MOB2012',5,8,9)
				   insert into DIEM(MSSV,MAMONHOC,DIEMQUIZ,DIEMLAB,DIEMASSIGNMENT) VALUES('PD02065','SKI998',4,8,9)
				   insert into DIEM(MSSV,MAMONHOC,DIEMQUIZ,DIEMLAB,DIEMASSIGNMENT) VALUES('PD02065','ENGLISH',4,8,9)
				   insert into DIEM(MSSV,MAMONHOC,DIEMQUIZ,DIEMLAB,DIEMASSIGNMENT) VALUES('PD02065','ENGLISH1',4,8,9)
				   insert into DIEM(MSSV,MAMONHOC,DIEMQUIZ,DIEMLAB,DIEMASSIGNMENT) VALUES('PD02065','KT104',4,8,9)
				   insert into DIEM(MSSV,MAMONHOC,DIEMQUIZ,DIEMLAB,DIEMASSIGNMENT) VALUES('PD02065','DL101',4,8,9)
				   insert into DIEM(MSSV,MAMONHOC,DIEMQUIZ,DIEMLAB,DIEMASSIGNMENT) VALUES('PD02065','QT234',4,8,9)

				   insert into DIEM(MSSV,MAMONHOC,DIEMQUIZ,DIEMLAB,DIEMASSIGNMENT) VALUES('PD02066','MOB2012',5,8,9)
				   insert into DIEM(MSSV,MAMONHOC,DIEMQUIZ,DIEMLAB,DIEMASSIGNMENT) VALUES('PD02066','SKI998',4,8,9)
				   insert into DIEM(MSSV,MAMONHOC,DIEMQUIZ,DIEMLAB,DIEMASSIGNMENT) VALUES('PD02066','ENGLISH',4,8,9)
				   insert into DIEM(MSSV,MAMONHOC,DIEMQUIZ,DIEMLAB,DIEMASSIGNMENT) VALUES('PD02066','ENGLISH1',4,8,9)
				   insert into DIEM(MSSV,MAMONHOC,DIEMQUIZ,DIEMLAB,DIEMASSIGNMENT) VALUES('PD02066','KT104',4,8,9)
				   insert into DIEM(MSSV,MAMONHOC,DIEMQUIZ,DIEMLAB,DIEMASSIGNMENT) VALUES('PD02066','DL101',4,8,9)
				   insert into DIEM(MSSV,MAMONHOC,DIEMQUIZ,DIEMLAB,DIEMASSIGNMENT) VALUES('PD02066','QT234',4,8,9)

				   insert into DIEM(MSSV,MAMONHOC,DIEMQUIZ,DIEMLAB,DIEMASSIGNMENT) VALUES('PD02067','MOB2012',5,8,9)
				   insert into DIEM(MSSV,MAMONHOC,DIEMQUIZ,DIEMLAB,DIEMASSIGNMENT) VALUES('PD02067','SKI998',4,8,9)
				   insert into DIEM(MSSV,MAMONHOC,DIEMQUIZ,DIEMLAB,DIEMASSIGNMENT) VALUES('PD02067','ENGLISH',4,8,9)
				   insert into DIEM(MSSV,MAMONHOC,DIEMQUIZ,DIEMLAB,DIEMASSIGNMENT) VALUES('PD02067','ENGLISH1',4,8,9)
				   insert into DIEM(MSSV,MAMONHOC,DIEMQUIZ,DIEMLAB,DIEMASSIGNMENT) VALUES('PD02067','KT104',4,8,9)
				   insert into DIEM(MSSV,MAMONHOC,DIEMQUIZ,DIEMLAB,DIEMASSIGNMENT) VALUES('PD02067','DL101',4,8,9)
				   insert into DIEM(MSSV,MAMONHOC,DIEMQUIZ,DIEMLAB,DIEMASSIGNMENT) VALUES('PD02067','QT234',4,8,9)

				   insert into DIEM(MSSV,MAMONHOC,DIEMQUIZ,DIEMLAB,DIEMASSIGNMENT)
				    VALUES('PD02068','MOB2012',9,8,9)
				   insert into DIEM(MSSV,MAMONHOC,DIEMQUIZ,DIEMLAB,DIEMASSIGNMENT)
				    VALUES('PD02068','SKI998',9,8,9)
				   insert into DIEM(MSSV,MAMONHOC,DIEMQUIZ,DIEMLAB,DIEMASSIGNMENT) 
				   VALUES('PD02068','ENGLISH',9,8,9)
				   insert into DIEM(MSSV,MAMONHOC,DIEMQUIZ,DIEMLAB,DIEMASSIGNMENT) 
				   VALUES('PD02068','ENGLISH1',9,8,9)
				   insert into DIEM(MSSV,MAMONHOC,DIEMQUIZ,DIEMLAB,DIEMASSIGNMENT) 
				   VALUES('PD02068','KT104',9,8,9)
				   insert into DIEM(MSSV,MAMONHOC,DIEMQUIZ,DIEMLAB,DIEMASSIGNMENT)
				    VALUES('PD02068','DL101',9,8,9)
				   insert into DIEM(MSSV,MAMONHOC,DIEMQUIZ,DIEMLAB,DIEMASSIGNMENT)
				    VALUES('PD02068','QT234',9,8,9)

				   insert into DIEM(MSSV,MAMONHOC,DIEMQUIZ,DIEMLAB,DIEMASSIGNMENT)
				    VALUES('PD02069','MOB2012',9,8,9)
				   insert into DIEM(MSSV,MAMONHOC,DIEMQUIZ,DIEMLAB,DIEMASSIGNMENT) 
				   VALUES('PD02069','SKI998',9,8,9)
				   insert into DIEM(MSSV,MAMONHOC,DIEMQUIZ,DIEMLAB,DIEMASSIGNMENT) 
				   VALUES('PD02069','ENGLISH',9,8,9)
				   insert into DIEM(MSSV,MAMONHOC,DIEMQUIZ,DIEMLAB,DIEMASSIGNMENT) 
				   VALUES('PD02069','ENGLISH1',9,8,9)
				   insert into DIEM(MSSV,MAMONHOC,DIEMQUIZ,DIEMLAB,DIEMASSIGNMENT)
				    VALUES('PD02069','KT104',9,8,9)
				   insert into DIEM(MSSV,MAMONHOC,DIEMQUIZ,DIEMLAB,DIEMASSIGNMENT)
				    VALUES('PD02069','DL101',9,8,9)
				   insert into DIEM(MSSV,MAMONHOC,DIEMQUIZ,DIEMLAB,DIEMASSIGNMENT)
				    VALUES('PD02069','QT234',9,8,9)

				   insert into DIEM(MSSV,MAMONHOC,DIEMQUIZ,DIEMLAB,DIEMASSIGNMENT)
				    VALUES('PD02070','MOB2012',9,8,9)
				   insert into DIEM(MSSV,MAMONHOC,DIEMQUIZ,DIEMLAB,DIEMASSIGNMENT)
				    VALUES('PD02070','SKI998',9,8,9)
				   insert into DIEM(MSSV,MAMONHOC,DIEMQUIZ,DIEMLAB,DIEMASSIGNMENT)
				    VALUES('PD02070','ENGLISH',9,8,9)
				   insert into DIEM(MSSV,MAMONHOC,DIEMQUIZ,DIEMLAB,DIEMASSIGNMENT) 
				   VALUES('PD02070','ENGLISH1',9,8,9)
				   insert into DIEM(MSSV,MAMONHOC,DIEMQUIZ,DIEMLAB,DIEMASSIGNMENT) 
				   VALUES('PD02070','KT104',9,8,9)
				   insert into DIEM(MSSV,MAMONHOC,DIEMQUIZ,DIEMLAB,DIEMASSIGNMENT)
				    VALUES('PD02070','DL101',9,8,9)
				   insert into DIEM(MSSV,MAMONHOC,DIEMQUIZ,DIEMLAB,DIEMASSIGNMENT) 
				   VALUES('PD02070','QT234',9,8,9)

				   insert into DIEM(MSSV,MAMONHOC,DIEMQUIZ,DIEMLAB,DIEMASSIGNMENT)
				    VALUES('PD02071','MOB2012',9,8,9)
				   insert into DIEM(MSSV,MAMONHOC,DIEMQUIZ,DIEMLAB,DIEMASSIGNMENT)
				    VALUES('PD02071','SKI998',9,8,9)
				   insert into DIEM(MSSV,MAMONHOC,DIEMQUIZ,DIEMLAB,DIEMASSIGNMENT) 
				   VALUES('PD02071','ENGLISH',9,8,9)
				   insert into DIEM(MSSV,MAMONHOC,DIEMQUIZ,DIEMLAB,DIEMASSIGNMENT) 
				   VALUES('PD02071','ENGLISH1',9,8,9)
				   insert into DIEM(MSSV,MAMONHOC,DIEMQUIZ,DIEMLAB,DIEMASSIGNMENT) 
				   VALUES('PD02071','KT104',9,8,9)
				   insert into DIEM(MSSV,MAMONHOC,DIEMQUIZ,DIEMLAB,DIEMASSIGNMENT) 
				   VALUES('PD02071','DL101',9,8,9)
				   insert into DIEM(MSSV,MAMONHOC,DIEMQUIZ,DIEMLAB,DIEMASSIGNMENT) 
				   VALUES('PD02071','QT234',9,8,9)

				   insert into DIEM(MSSV,MAMONHOC,DIEMQUIZ,DIEMLAB,DIEMASSIGNMENT) 
				   VALUES('PD02072','MOB2012',9,8,9)
				   insert into DIEM(MSSV,MAMONHOC,DIEMQUIZ,DIEMLAB,DIEMASSIGNMENT)
				    VALUES('PD02072','SKI998',9,8,9)
				   insert into DIEM(MSSV,MAMONHOC,DIEMQUIZ,DIEMLAB,DIEMASSIGNMENT) 
				   VALUES('PD02072','ENGLISH',9,8,9)
				   insert into DIEM(MSSV,MAMONHOC,DIEMQUIZ,DIEMLAB,DIEMASSIGNMENT)
				    VALUES('PD02072','ENGLISH1',9,8,9)
				   insert into DIEM(MSSV,MAMONHOC,DIEMQUIZ,DIEMLAB,DIEMASSIGNMENT)
				    VALUES('PD02072','KT104',9,8,9)
				   insert into DIEM(MSSV,MAMONHOC,DIEMQUIZ,DIEMLAB,DIEMASSIGNMENT)
				    VALUES('PD02072','DL101',9,8,9)
				   insert into DIEM(MSSV,MAMONHOC,DIEMQUIZ,DIEMLAB,DIEMASSIGNMENT)
				    VALUES('PD02072','QT234',4,9,9)

				   insert into DIEM(MSSV,MAMONHOC,DIEMQUIZ,DIEMLAB,DIEMASSIGNMENT)
				    VALUES('PD02073','MOB2012',9,8,9)
				   insert into DIEM(MSSV,MAMONHOC,DIEMQUIZ,DIEMLAB,DIEMASSIGNMENT)
				    VALUES('PD02073','SKI998',9,8,9)
				   insert into DIEM(MSSV,MAMONHOC,DIEMQUIZ,DIEMLAB,DIEMASSIGNMENT)
				    VALUES('PD02073','ENGLISH',9,8,9)
				   insert into DIEM(MSSV,MAMONHOC,DIEMQUIZ,DIEMLAB,DIEMASSIGNMENT) 
				   VALUES('PD02073','ENGLISH1',9,8,9)
				   insert into DIEM(MSSV,MAMONHOC,DIEMQUIZ,DIEMLAB,DIEMASSIGNMENT)
				    VALUES('PD02073','KT104',4,8,9)
				   insert into DIEM(MSSV,MAMONHOC,DIEMQUIZ,DIEMLAB,DIEMASSIGNMENT)
				    VALUES('PD02073','DL101',9,8,9)
				   insert into DIEM(MSSV,MAMONHOC,DIEMQUIZ,DIEMLAB,DIEMASSIGNMENT) 
				   VALUES('PD02073','QT234',4,9,9)

				   insert into DIEM(MSSV,MAMONHOC,DIEMQUIZ,DIEMLAB,DIEMASSIGNMENT)
				    VALUES('PD02074','MOB2012',9,8,9)
				   insert into DIEM(MSSV,MAMONHOC,DIEMQUIZ,DIEMLAB,DIEMASSIGNMENT)
				    VALUES('PD02074','SKI998',9,8,9)
				   insert into DIEM(MSSV,MAMONHOC,DIEMQUIZ,DIEMLAB,DIEMASSIGNMENT) 
				   VALUES('PD02074','ENGLISH',9,8,9)
				   insert into DIEM(MSSV,MAMONHOC,DIEMQUIZ,DIEMLAB,DIEMASSIGNMENT)
				    VALUES('PD02074','ENGLISH1',9,8,9)
				   insert into DIEM(MSSV,MAMONHOC,DIEMQUIZ,DIEMLAB,DIEMASSIGNMENT) 
				   VALUES('PD02074','KT104',9,8,9)
				   insert into DIEM(MSSV,MAMONHOC,DIEMQUIZ,DIEMLAB,DIEMASSIGNMENT) 
				   VALUES('PD02074','DL101',9,8,9)
				   insert into DIEM(MSSV,MAMONHOC,DIEMQUIZ,DIEMLAB,DIEMASSIGNMENT)
				    VALUES('PD02074','QT234',9,8,9)

				   insert into DIEM(MSSV,MAMONHOC,DIEMQUIZ,DIEMLAB,DIEMASSIGNMENT)
				    VALUES('PD02112','MOB2012',9,8,9)
				   insert into DIEM(MSSV,MAMONHOC,DIEMQUIZ,DIEMLAB,DIEMASSIGNMENT) 
				   VALUES('PD02112','SKI998',9,8,9)
				   insert into DIEM(MSSV,MAMONHOC,DIEMQUIZ,DIEMLAB,DIEMASSIGNMENT)
				    VALUES('PD02112','ENGLISH',9,8,9)
				   insert into DIEM(MSSV,MAMONHOC,DIEMQUIZ,DIEMLAB,DIEMASSIGNMENT)
				    VALUES('PD02112','ENGLISH1',9,8,9)
				   insert into DIEM(MSSV,MAMONHOC,DIEMQUIZ,DIEMLAB,DIEMASSIGNMENT)
				    VALUES('PD02112','KT104',4,4,9)
				   insert into DIEM(MSSV,MAMONHOC,DIEMQUIZ,DIEMLAB,DIEMASSIGNMENT)
				    VALUES('PD02112','DL101',4,4,9)
				   insert into DIEM(MSSV,MAMONHOC,DIEMQUIZ,DIEMLAB,DIEMASSIGNMENT)
				    VALUES('PD02112','QT234',4,7,9)
		                          		    
				--MAKETING--
				   INSERT INTO SINH_VIEN_FPOLY(MSSV,HOTEN,NGAYSINH,sdt,email,QUEQUAN,GIOITINH,MALOP,MANGANHHOC,NAMNHAPHOC)
				    VALUES('PD02113',N'NGÔ HOÀI L','01/1/1996','0964004452','LYNHPD01501',N'ĐÀ NẴNG',1,'PT12305','MAKETING',2016)
		           INSERT INTO SINH_VIEN_FPOLY(MSSV,HOTEN,NGAYSINH,sdt,email,QUEQUAN,GIOITINH,MALOP,MANGANHHOC,NAMNHAPHOC)
				    VALUES('PD02114',N'PAHMJ THANH T','01/1/1996','0964004453','LYNHPD01502',N'ĐÀ NẴNG',0,'PT12305','MAKETING',2016)
		           INSERT INTO SINH_VIEN_FPOLY(MSSV,HOTEN,NGAYSINH,sdt,email,QUEQUAN,GIOITINH,MALOP,MANGANHHOC,NAMNHAPHOC) 
				   VALUES('PD02115',N'CHẾ L','01/1/1996','0964004454','LYNHPD01503',N'ĐÀ NẴNG',1,'PT12305','MAKETING',2016)
		           INSERT INTO SINH_VIEN_FPOLY(MSSV,HOTEN,NGAYSINH,sdt,email,QUEQUAN,GIOITINH,MALOP,MANGANHHOC,NAMNHAPHOC)
				    VALUES('PD02117',N'HỒ TRUNG D','01/1/1996','0964004455','LYNHPD01504',N'ĐÀ NẴNG',0,'PT12305','MAKETING',2016)
			       INSERT INTO SINH_VIEN_FPOLY(MSSV,HOTEN,NGAYSINH,sdt,email,QUEQUAN,GIOITINH,MALOP,MANGANHHOC,NAMNHAPHOC) 
				   VALUES('PD02059',N'QUANG DŨ','01/1/1996','0964006695','LYNHPD02059',N'ĐÀ NẴNG',1,'PT12305','MAKETING',2016)
		           INSERT INTO SINH_VIEN_FPOLY(MSSV,HOTEN,NGAYSINH,sdt,email,QUEQUAN,GIOITINH,MALOP,MANGANHHOC,NAMNHAPHOC)
				    VALUES('PD02054',N'SƠN TÙN','01/1/1996','0964006690','LYNHPD02054',N'ĐÀ NẴNG',0,'PT12305','MAKETING',2016)
		           INSERT INTO SINH_VIEN_FPOLY(MSSV,HOTEN,NGAYSINH,sdt,email,QUEQUAN,GIOITINH,MALOP,MANGANHHOC,NAMNHAPHOC)
				    VALUES('PD02055',N'MAN SA Đ','01/1/1996','0964006691','LYNHPD02055',N'ĐÀ NẴNG',1,'PT12305','MAKETING',2016)
	               INSERT INTO SINH_VIEN_FPOLY(MSSV,HOTEN,NGAYSINH,sdt,email,QUEQUAN,GIOITINH,MALOP,MANGANHHOC,NAMNHAPHOC)
				    VALUES('PD02031',N'ĐMÀ VINH HƯ','01/1/1996','0964006667','LYNHPD02031',N'ĐÀ NẴNG',1,'PT12305','MAKETING',2016)
				   INSERT INTO SINH_VIEN_FPOLY(MSSV,HOTEN,NGAYSINH,sdt,email,QUEQUAN,GIOITINH,MALOP,MANGANHHOC,NAMNHAPHOC)
				    VALUES('PD02118',N'NGÔ BẢO Đ','01/1/1996','0964004456','LYNHPD01505',N'ĐÀ NẴNG',1,'PT12305','MAKETING',2016)
				   INSERT INTO SINH_VIEN_FPOLY(MSSV,HOTEN,NGAYSINH,sdt,email,QUEQUAN,GIOITINH,MALOP,MANGANHHOC,NAMNHAPHOC)
				    VALUES('PD0219',N'HAI BÀ TRƯ','01/1/1996','0964003337','LYNHPD01206',N'ĐÀ NẴNG',0,'PT12305','MAKETING',2016)
				   INSERT INTO SINH_VIEN_FPOLY(MSSV,HOTEN,NGAYSINH,sdt,email,QUEQUAN,GIOITINH,MALOP,MANGANHHOC,NAMNHAPHOC)
				    VALUES('PD02120',N'VÉT','01/1/1996','0964004458','LYNHPD01507',N'ĐÀ NẴNG',1,'PT12305','MAKETING',2016)
				   INSERT INTO SINH_VIEN_FPOLY(MSSV,HOTEN,NGAYSINH,sdt,email,QUEQUAN,GIOITINH,MALOP,MANGANHHOC,NAMNHAPHOC)
				    VALUES('PD02121',N'ĐẠI HÔNG THỦY','01/1/1996','0964004459','LYNHPD01508',N'ĐÀ NẴNG',0,'PT12305','MAKETING',2016)
					
					
					insert into DIEM(MSSV,MAMONHOC,DIEMQUIZ,DIEMLAB,DIEMASSIGNMENT) 
					VALUES('PD02031','MOB2012',5,8,9)
				   insert into DIEM(MSSV,MAMONHOC,DIEMQUIZ,DIEMLAB,DIEMASSIGNMENT) 
				   VALUES('PD02031','SKI998',4,8,9)
				   insert into DIEM(MSSV,MAMONHOC,DIEMQUIZ,DIEMLAB,DIEMASSIGNMENT)
				    VALUES('PD02031','ENGLISH',4,8,9)
				   insert into DIEM(MSSV,MAMONHOC,DIEMQUIZ,DIEMLAB,DIEMASSIGNMENT) 
				   VALUES('PD02031','ENGLISH1',4,8,9)
				   insert into DIEM(MSSV,MAMONHOC,DIEMQUIZ,DIEMLAB,DIEMASSIGNMENT) 
				   VALUES('PD02031','KT104',4,8,9)
				   insert into DIEM(MSSV,MAMONHOC,DIEMQUIZ,DIEMLAB,DIEMASSIGNMENT)
				    VALUES('PD02031','DL101',4,8,9)
				   insert into DIEM(MSSV,MAMONHOC,DIEMQUIZ,DIEMLAB,DIEMASSIGNMENT)
				    VALUES('PD02031','QT234',4,8,9)

					insert into DIEM(MSSV,MAMONHOC,DIEMQUIZ,DIEMLAB,DIEMASSIGNMENT)
					 VALUES('PD02054','MOB2012',5,8,9)
				   insert into DIEM(MSSV,MAMONHOC,DIEMQUIZ,DIEMLAB,DIEMASSIGNMENT)
				    VALUES('PD02054','SKI998',4,8,9)
				   insert into DIEM(MSSV,MAMONHOC,DIEMQUIZ,DIEMLAB,DIEMASSIGNMENT)
				    VALUES('PD02054','ENGLISH',4,8,9)
				   insert into DIEM(MSSV,MAMONHOC,DIEMQUIZ,DIEMLAB,DIEMASSIGNMENT)
				    VALUES('PD02054','ENGLISH1',4,8,9)
				   insert into DIEM(MSSV,MAMONHOC,DIEMQUIZ,DIEMLAB,DIEMASSIGNMENT)
				    VALUES('PD02054','KT104',4,8,9)
				   insert into DIEM(MSSV,MAMONHOC,DIEMQUIZ,DIEMLAB,DIEMASSIGNMENT)
				    VALUES('PD02054','DL101',4,8,9)
				   insert into DIEM(MSSV,MAMONHOC,DIEMQUIZ,DIEMLAB,DIEMASSIGNMENT)
				    VALUES('PD02054','QT234',4,8,9)

				   insert into DIEM(MSSV,MAMONHOC,DIEMQUIZ,DIEMLAB,DIEMASSIGNMENT)
				    VALUES('PD02055','MOB2012',5,8,9)
				   insert into DIEM(MSSV,MAMONHOC,DIEMQUIZ,DIEMLAB,DIEMASSIGNMENT)
				    VALUES('PD02055','SKI998',4,8,9)
				   insert into DIEM(MSSV,MAMONHOC,DIEMQUIZ,DIEMLAB,DIEMASSIGNMENT)
				    VALUES('PD02055','ENGLISH',4,8,9)
				   insert into DIEM(MSSV,MAMONHOC,DIEMQUIZ,DIEMLAB,DIEMASSIGNMENT) 
				   VALUES('PD02055','ENGLISH1',4,8,9)
				   insert into DIEM(MSSV,MAMONHOC,DIEMQUIZ,DIEMLAB,DIEMASSIGNMENT)
				    VALUES('PD02055','KT104',4,8,9)
				   insert into DIEM(MSSV,MAMONHOC,DIEMQUIZ,DIEMLAB,DIEMASSIGNMENT)
				    VALUES('PD02055','DL101',4,8,9)
				   insert into DIEM(MSSV,MAMONHOC,DIEMQUIZ,DIEMLAB,DIEMASSIGNMENT)
				    VALUES('PD02055','QT234',4,8,9)

				  insert into DIEM(MSSV,MAMONHOC,DIEMQUIZ,DIEMLAB,DIEMASSIGNMENT) 
				  VALUES('PD02059','MOB2012',5,8,9)
				   insert into DIEM(MSSV,MAMONHOC,DIEMQUIZ,DIEMLAB,DIEMASSIGNMENT)
				    VALUES('PD02059','SKI998',4,8,9)
				   insert into DIEM(MSSV,MAMONHOC,DIEMQUIZ,DIEMLAB,DIEMASSIGNMENT)
				    VALUES('PD02059','ENGLISH',4,8,9)
				   insert into DIEM(MSSV,MAMONHOC,DIEMQUIZ,DIEMLAB,DIEMASSIGNMENT)
				    VALUES('PD02059','ENGLISH1',4,8,9)
				   insert into DIEM(MSSV,MAMONHOC,DIEMQUIZ,DIEMLAB,DIEMASSIGNMENT)
				    VALUES('PD02059','KT104',4,8,9)
				   insert into DIEM(MSSV,MAMONHOC,DIEMQUIZ,DIEMLAB,DIEMASSIGNMENT)
				    VALUES('PD02059','DL101',4,8,9)
				   insert into DIEM(MSSV,MAMONHOC,DIEMQUIZ,DIEMLAB,DIEMASSIGNMENT)
				    VALUES('PD02059','QT234',4,8,9)
					  
				   insert into DIEM(MSSV,MAMONHOC,DIEMQUIZ,DIEMLAB,DIEMASSIGNMENT)
				    VALUES('PD02113','MOB2012',5,8,9)
				   insert into DIEM(MSSV,MAMONHOC,DIEMQUIZ,DIEMLAB,DIEMASSIGNMENT)
				    VALUES('PD02113','SKI998',4,8,9)
				   insert into DIEM(MSSV,MAMONHOC,DIEMQUIZ,DIEMLAB,DIEMASSIGNMENT)
				    VALUES('PD02113','ENGLISH',4,8,9)
				   insert into DIEM(MSSV,MAMONHOC,DIEMQUIZ,DIEMLAB,DIEMASSIGNMENT) 
				   VALUES('PD02113','ENGLISH1',4,8,9)
				   insert into DIEM(MSSV,MAMONHOC,DIEMQUIZ,DIEMLAB,DIEMASSIGNMENT) 
				   VALUES('PD02113','KT104',4,8,9)
				   insert into DIEM(MSSV,MAMONHOC,DIEMQUIZ,DIEMLAB,DIEMASSIGNMENT) 
				   VALUES('PD02113','DL101',4,8,9)
				   insert into DIEM(MSSV,MAMONHOC,DIEMQUIZ,DIEMLAB,DIEMASSIGNMENT)
				    VALUES('PD02113','QT234',4,8,9)

				   insert into DIEM(MSSV,MAMONHOC,DIEMQUIZ,DIEMLAB,DIEMASSIGNMENT)
				    VALUES('PD02114','MOB2012',5,8,9)
				   insert into DIEM(MSSV,MAMONHOC,DIEMQUIZ,DIEMLAB,DIEMASSIGNMENT)
				    VALUES('PD02114','SKI998',4,8,9)
				   insert into DIEM(MSSV,MAMONHOC,DIEMQUIZ,DIEMLAB,DIEMASSIGNMENT)
				    VALUES('PD02114','ENGLISH',4,8,9)
				   insert into DIEM(MSSV,MAMONHOC,DIEMQUIZ,DIEMLAB,DIEMASSIGNMENT)
				    VALUES('PD02114','ENGLISH1',4,8,9)
				   insert into DIEM(MSSV,MAMONHOC,DIEMQUIZ,DIEMLAB,DIEMASSIGNMENT)
				    VALUES('PD02114','KT104',4,8,9)
				   insert into DIEM(MSSV,MAMONHOC,DIEMQUIZ,DIEMLAB,DIEMASSIGNMENT)
				    VALUES('PD02114','DL101',4,8,9)
				   insert into DIEM(MSSV,MAMONHOC,DIEMQUIZ,DIEMLAB,DIEMASSIGNMENT) 
				   VALUES('PD02114','QT234',4,8,9)

				   insert into DIEM(MSSV,MAMONHOC,DIEMQUIZ,DIEMLAB,DIEMASSIGNMENT)
				    VALUES('PD02115','MOB2012',5,8,9)
				   insert into DIEM(MSSV,MAMONHOC,DIEMQUIZ,DIEMLAB,DIEMASSIGNMENT)
				    VALUES('PD02115','SKI998',4,8,9)
				   insert into DIEM(MSSV,MAMONHOC,DIEMQUIZ,DIEMLAB,DIEMASSIGNMENT)
				    VALUES('PD02115','ENGLISH',4,8,9)
				   insert into DIEM(MSSV,MAMONHOC,DIEMQUIZ,DIEMLAB,DIEMASSIGNMENT) 
				   VALUES('PD02115','ENGLISH1',4,8,9)
				   insert into DIEM(MSSV,MAMONHOC,DIEMQUIZ,DIEMLAB,DIEMASSIGNMENT)
				    VALUES('PD02115','KT104',4,8,9)
				   insert into DIEM(MSSV,MAMONHOC,DIEMQUIZ,DIEMLAB,DIEMASSIGNMENT)
				    VALUES('PD02115','DL101',4,8,9)
				   insert into DIEM(MSSV,MAMONHOC,DIEMQUIZ,DIEMLAB,DIEMASSIGNMENT)
				    VALUES('PD02115','QT234',4,8,9)

				   insert into DIEM(MSSV,MAMONHOC,DIEMQUIZ,DIEMLAB,DIEMASSIGNMENT) 
				   VALUES('PD02117','MOB2012',5,8,9)
				   insert into DIEM(MSSV,MAMONHOC,DIEMQUIZ,DIEMLAB,DIEMASSIGNMENT)
				    VALUES('PD02117','SKI998',4,8,9)
				   insert into DIEM(MSSV,MAMONHOC,DIEMQUIZ,DIEMLAB,DIEMASSIGNMENT)
				    VALUES('PD02117','ENGLISH',4,8,9)
				   insert into DIEM(MSSV,MAMONHOC,DIEMQUIZ,DIEMLAB,DIEMASSIGNMENT) 
				   VALUES('PD02117','ENGLISH1',4,8,9)
				   insert into DIEM(MSSV,MAMONHOC,DIEMQUIZ,DIEMLAB,DIEMASSIGNMENT)
				    VALUES('PD02117','KT104',4,8,9)
				   insert into DIEM(MSSV,MAMONHOC,DIEMQUIZ,DIEMLAB,DIEMASSIGNMENT)
				    VALUES('PD02117','DL101',4,8,9)
				   insert into DIEM(MSSV,MAMONHOC,DIEMQUIZ,DIEMLAB,DIEMASSIGNMENT)
				    VALUES('PD02117','QT234',4,8,9)

				   insert into DIEM(MSSV,MAMONHOC,DIEMQUIZ,DIEMLAB,DIEMASSIGNMENT) 
				   VALUES('PD02118','MOB2012',5,8,9)
				   insert into DIEM(MSSV,MAMONHOC,DIEMQUIZ,DIEMLAB,DIEMASSIGNMENT)
				    VALUES('PD02118','SKI998',4,8,9)
				   insert into DIEM(MSSV,MAMONHOC,DIEMQUIZ,DIEMLAB,DIEMASSIGNMENT)
				    VALUES('PD02118','ENGLISH',4,8,9)
				   insert into DIEM(MSSV,MAMONHOC,DIEMQUIZ,DIEMLAB,DIEMASSIGNMENT)
				    VALUES('PD02118','ENGLISH1',4,8,9)
				   insert into DIEM(MSSV,MAMONHOC,DIEMQUIZ,DIEMLAB,DIEMASSIGNMENT)
				    VALUES('PD02118','KT104',4,8,9)
				   insert into DIEM(MSSV,MAMONHOC,DIEMQUIZ,DIEMLAB,DIEMASSIGNMENT)
				    VALUES('PD02118','DL101',4,8,9)
				   insert into DIEM(MSSV,MAMONHOC,DIEMQUIZ,DIEMLAB,DIEMASSIGNMENT)
				    VALUES('PD02118','QT234',4,8,9)

				   insert into DIEM(MSSV,MAMONHOC,DIEMQUIZ,DIEMLAB,DIEMASSIGNMENT)
				    VALUES('PD02118','MOB2012',5,8,9)
				   insert into DIEM(MSSV,MAMONHOC,DIEMQUIZ,DIEMLAB,DIEMASSIGNMENT)
				    VALUES('PD02118','SKI998',4,8,9)
				   insert into DIEM(MSSV,MAMONHOC,DIEMQUIZ,DIEMLAB,DIEMASSIGNMENT) 
				   VALUES('PD02118','ENGLISH',4,8,9)
				   insert into DIEM(MSSV,MAMONHOC,DIEMQUIZ,DIEMLAB,DIEMASSIGNMENT)
				    VALUES('PD02118','ENGLISH1',4,8,9)
				   insert into DIEM(MSSV,MAMONHOC,DIEMQUIZ,DIEMLAB,DIEMASSIGNMENT)
				    VALUES('PD02118','KT104',4,8,9)
				   insert into DIEM(MSSV,MAMONHOC,DIEMQUIZ,DIEMLAB,DIEMASSIGNMENT)
				    VALUES('PD02118','DL101',4,8,9)
				   insert into DIEM(MSSV,MAMONHOC,DIEMQUIZ,DIEMLAB,DIEMASSIGNMENT)
				    VALUES('PD02118','QT234',4,8,9)
					

				   insert into DIEM(MSSV,MAMONHOC,DIEMQUIZ,DIEMLAB,DIEMASSIGNMENT)
				    VALUES('PD0219','MOB2012',5,9,9)
				   insert into DIEM(MSSV,MAMONHOC,DIEMQUIZ,DIEMLAB,DIEMASSIGNMENT)
				    VALUES('PD0219','SKI998',4,9,9)
				   insert into DIEM(MSSV,MAMONHOC,DIEMQUIZ,DIEMLAB,DIEMASSIGNMENT) 
				   VALUES('PD0219','ENGLISH',4,9,9)
				   insert into DIEM(MSSV,MAMONHOC,DIEMQUIZ,DIEMLAB,DIEMASSIGNMENT) 
				   VALUES('PD0219','ENGLISH1',4,5,9)
				   insert into DIEM(MSSV,MAMONHOC,DIEMQUIZ,DIEMLAB,DIEMASSIGNMENT) 
				   VALUES('PD0219','KT104',4,8,5)
				   insert into DIEM(MSSV,MAMONHOC,DIEMQUIZ,DIEMLAB,DIEMASSIGNMENT)
				    VALUES('PD0219','DL101',4,8,5)
				   insert into DIEM(MSSV,MAMONHOC,DIEMQUIZ,DIEMLAB,DIEMASSIGNMENT)
				    VALUES('PD0219','QT234',4,8,8)
					

					insert into DIEM(MSSV,MAMONHOC,DIEMQUIZ,DIEMLAB,DIEMASSIGNMENT)
					 VALUES('PD02120','MOB2012',6,8,9)
				   insert into DIEM(MSSV,MAMONHOC,DIEMQUIZ,DIEMLAB,DIEMASSIGNMENT)
				    VALUES('PD02120','SKI998',6,8,9)
				   insert into DIEM(MSSV,MAMONHOC,DIEMQUIZ,DIEMLAB,DIEMASSIGNMENT)
				    VALUES('PD02120','ENGLISH',6,8,9)
				   insert into DIEM(MSSV,MAMONHOC,DIEMQUIZ,DIEMLAB,DIEMASSIGNMENT)
				    VALUES('PD02120','ENGLISH1',6,8,9)
				   insert into DIEM(MSSV,MAMONHOC,DIEMQUIZ,DIEMLAB,DIEMASSIGNMENT)
				    VALUES('PD02120','KT104',4,6,9)
				   insert into DIEM(MSSV,MAMONHOC,DIEMQUIZ,DIEMLAB,DIEMASSIGNMENT) 
				   VALUES('PD02120','DL101',4,8,9)
				   insert into DIEM(MSSV,MAMONHOC,DIEMQUIZ,DIEMLAB,DIEMASSIGNMENT)
				    VALUES('PD02120','QT234',4,8,9)
				   
				   insert into DIEM(MSSV,MAMONHOC,DIEMQUIZ,DIEMLAB,DIEMASSIGNMENT)
				    VALUES('PD02121','MOB2012',5,9,9)
				   insert into DIEM(MSSV,MAMONHOC,DIEMQUIZ,DIEMLAB,DIEMASSIGNMENT)
				    VALUES('PD02121','SKI998',4,6,9)
				   insert into DIEM(MSSV,MAMONHOC,DIEMQUIZ,DIEMLAB,DIEMASSIGNMENT)
				    VALUES('PD02121','ENGLISH',4,5,9)
				   insert into DIEM(MSSV,MAMONHOC,DIEMQUIZ,DIEMLAB,DIEMASSIGNMENT) 
				   VALUES('PD02121','ENGLISH1',5,8,9)
				   insert into DIEM(MSSV,MAMONHOC,DIEMQUIZ,DIEMLAB,DIEMASSIGNMENT)
				    VALUES('PD02121','KT104',3,8,9)
				   insert into DIEM(MSSV,MAMONHOC,DIEMQUIZ,DIEMLAB,DIEMASSIGNMENT)
				    VALUES('PD02121','DL101',2,8,9)
				   insert into DIEM(MSSV,MAMONHOC,DIEMQUIZ,DIEMLAB,DIEMASSIGNMENT)
				    VALUES('PD02121','QT234',1,8,9)
					
					
																	 
					 
                 --qtdn--
				 INSERT INTO SINH_VIEN_FPOLY(MSSV,HOTEN,NGAYSINH,sdt,email,QUEQUAN,GIOITINH,MALOP,MANGANHHOC,NAMNHAPHOC) 
				 VALUES('PD02956',N'MAS YI','01/1/1996','0964006785','LYNHPD02015',N'ĐÀ NẴNG',0,'PT12306','QTDN',2016)
				INSERT INTO SINH_VIEN_FPOLY(MSSV,HOTEN,NGAYSINH,sdt,email,QUEQUAN,GIOITINH,MALOP,MANGANHHOC,NAMNHAPHOC) 
				VALUES('PD02016',N'GAN Q','01/1/1996','0964006786','LYNHPD02016',N'ĐÀ NẴNG',1,'PT12306','QTDN',2016)
				INSERT INTO SINH_VIEN_FPOLY(MSSV,HOTEN,NGAYSINH,sdt,email,QUEQUAN,GIOITINH,MALOP,MANGANHHOC,NAMNHAPHOC)
				 VALUES('PD02017',N'LÊ ','01/1/1996','0964006787','LYNHPD02017',N'ĐÀ NẴNG',1,'PT12306','QTDN',2016)					 
				  INSERT INTO SINH_VIEN_FPOLY(MSSV,HOTEN,NGAYSINH,sdt,email,QUEQUAN,GIOITINH,MALOP,MANGANHHOC,NAMNHAPHOC) 
				  VALUES('PD02018',N' VEN','01/17/1996','0964006788','LYNHPD02018',N'ĐÀ NẴNG',0,'PT12306','QTDN',2016)
				INSERT INTO SINH_VIEN_FPOLY(MSSV,HOTEN,NGAYSINH,sdt,email,QUEQUAN,GIOITINH,MALOP,MANGANHHOC,NAMNHAPHOC)
				 VALUES('PD02019',N'BÍT','01/1/1996','0964006789','LYNHPD02019',N'ĐÀ NẴNG',0,'PT12306','QTDN',2016)
				INSERT INTO SINH_VIEN_FPOLY(MSSV,HOTEN,NGAYSINH,sdt,email,QUEQUAN,GIOITINH,MALOP,MANGANHHOC,NAMNHAPHOC) 
				VALUES('PD02020',N'THỜ','01/1/1996','0964006790','LYNHPD02020',N'ĐÀ NẴNG',0,'PT12306','QTDN',2016)
			    INSERT INTO SINH_VIEN_FPOLY(MSSV,HOTEN,NGAYSINH,sdt,email,QUEQUAN,GIOITINH,MALOP,MANGANHHOC,NAMNHAPHOC)
				 VALUES('PD02062',N'GRAVE','01/1/1996','0964006698','LYNHPD02062',N'ĐÀ NẴNG',1,'PT12306','QTDN',2016)
				INSERT INTO SINH_VIEN_FPOLY(MSSV,HOTEN,NGAYSINH,sdt,email,QUEQUAN,GIOITINH,MALOP,MANGANHHOC,NAMNHAPHOC)
				 VALUES('PD02063',N'GRA','01/1/1996','0964006699','LYNHPD02063',N'ĐÀ NẴNG',0,'PT12306','QTDN',2016)
				INSERT INTO SINH_VIEN_FPOLY(MSSV,HOTEN,NGAYSINH,sdt,email,QUEQUAN,GIOITINH,MALOP,MANGANHHOC,NAMNHAPHOC) 
				VALUES('PD02043',N'GA','01/1/1996','0964006680','LYNHPD02043',N'ĐÀ NẴNG',1,'PT12306','QTDN',2016)
				INSERT INTO SINH_VIEN_FPOLY(MSSV,HOTEN,NGAYSINH,sdt,email,QUEQUAN,GIOITINH,MALOP,MANGANHHOC,NAMNHAPHOC)
				 VALUES('PD02044',N'Z','01/1/1996','0964006681','LYNHPD02044',N'ĐÀ NẴNG',0,'PT12306','QTDN',2016)
				INSERT INTO SINH_VIEN_FPOLY(MSSV,HOTEN,NGAYSINH,sdt,email,QUEQUAN,GIOITINH,MALOP,MANGANHHOC,NAMNHAPHOC)
				 VALUES('PD02045',N'ĐẠI XUÂN P','01/17/1996','0964006682','LYNHPD02045',N'ĐÀ NẴNG',0,'PT12306','QTDN',2016)
				INSERT INTO SINH_VIEN_FPOLY(MSSV,HOTEN,NGAYSINH,sdt,email,QUEQUAN,GIOITINH,MALOP,MANGANHHOC,NAMNHAPHOC) 
				VALUES('PD02052',N'LÊ VĂN L','01/1/1996','0964006688','LYNHPD02052',N'ĐÀ NẴNG',0,'PT12306','QTDN',2016)
					
				   insert into DIEM(MSSV,MAMONHOC,DIEMQUIZ,DIEMLAB,DIEMASSIGNMENT) 
				   VALUES('PD02052','MOB2012',1,8,1)
				   insert into DIEM(MSSV,MAMONHOC,DIEMQUIZ,DIEMLAB,DIEMASSIGNMENT) 
				   VALUES('PD02052','SKI998',4,9,9)
				   insert into DIEM(MSSV,MAMONHOC,DIEMQUIZ,DIEMLAB,DIEMASSIGNMENT) 
				   VALUES('PD02052','ENGLISH',4,6,5)
				   insert into DIEM(MSSV,MAMONHOC,DIEMQUIZ,DIEMLAB,DIEMASSIGNMENT) 
				   VALUES('PD02052','ENGLISH1',5,8,9)
				   insert into DIEM(MSSV,MAMONHOC,DIEMQUIZ,DIEMLAB,DIEMASSIGNMENT) 
				   VALUES('PD02052','KT104',7,8,9)
				   insert into DIEM(MSSV,MAMONHOC,DIEMQUIZ,DIEMLAB,DIEMASSIGNMENT)
				    VALUES('PD02052','DL101',5,8,5)
				   insert into DIEM(MSSV,MAMONHOC,DIEMQUIZ,DIEMLAB,DIEMASSIGNMENT)
				    VALUES('PD02052','QT234',2,8,9)

				   insert into DIEM(MSSV,MAMONHOC,DIEMQUIZ,DIEMLAB,DIEMASSIGNMENT)
				    VALUES('PD02062','MOB2012',9,8,6)
				   insert into DIEM(MSSV,MAMONHOC,DIEMQUIZ,DIEMLAB,DIEMASSIGNMENT)
				    VALUES('PD02062','SKI998',4,9,9)
				   insert into DIEM(MSSV,MAMONHOC,DIEMQUIZ,DIEMLAB,DIEMASSIGNMENT)
				    VALUES('PD02062','ENGLISH',4,7,9)
				   insert into DIEM(MSSV,MAMONHOC,DIEMQUIZ,DIEMLAB,DIEMASSIGNMENT)
				    VALUES('PD02062','ENGLISH1',7,8,9)
				   insert into DIEM(MSSV,MAMONHOC,DIEMQUIZ,DIEMLAB,DIEMASSIGNMENT)
				    VALUES('PD02062','KT104',1,4,9)
				   insert into DIEM(MSSV,MAMONHOC,DIEMQUIZ,DIEMLAB,DIEMASSIGNMENT)
				    VALUES('PD02062','DL101',4,1,9)
				   insert into DIEM(MSSV,MAMONHOC,DIEMQUIZ,DIEMLAB,DIEMASSIGNMENT)
				    VALUES('PD02062','QT234',4,5,9)

				   insert into DIEM(MSSV,MAMONHOC,DIEMQUIZ,DIEMLAB,DIEMASSIGNMENT)
				    VALUES('PD02063','MOB2012',5,8,9)
				   insert into DIEM(MSSV,MAMONHOC,DIEMQUIZ,DIEMLAB,DIEMASSIGNMENT)
				    VALUES('PD02063','SKI998',4,1,9)
				   insert into DIEM(MSSV,MAMONHOC,DIEMQUIZ,DIEMLAB,DIEMASSIGNMENT)
				    VALUES('PD02063','ENGLISH',4,9,9)
				   insert into DIEM(MSSV,MAMONHOC,DIEMQUIZ,DIEMLAB,DIEMASSIGNMENT) 
				   VALUES('PD02063','ENGLISH1',4,6,9)
				   insert into DIEM(MSSV,MAMONHOC,DIEMQUIZ,DIEMLAB,DIEMASSIGNMENT)
				    VALUES('PD02063','KT104',4,8,4)
				   insert into DIEM(MSSV,MAMONHOC,DIEMQUIZ,DIEMLAB,DIEMASSIGNMENT)
				    VALUES('PD02063','DL101',4,8,2)
				   insert into DIEM(MSSV,MAMONHOC,DIEMQUIZ,DIEMLAB,DIEMASSIGNMENT)
				    VALUES('PD02063','QT234',4,8,1)


                   insert into DIEM(MSSV,MAMONHOC,DIEMQUIZ,DIEMLAB,DIEMASSIGNMENT)
				    VALUES('PD02956','MOB2012',5,1,9)
				   insert into DIEM(MSSV,MAMONHOC,DIEMQUIZ,DIEMLAB,DIEMASSIGNMENT)
				    VALUES('PD02956','SKI998',4,8,9)
				   insert into DIEM(MSSV,MAMONHOC,DIEMQUIZ,DIEMLAB,DIEMASSIGNMENT) 
				   VALUES('PD02956','ENGLISH',4,6,5)
				   insert into DIEM(MSSV,MAMONHOC,DIEMQUIZ,DIEMLAB,DIEMASSIGNMENT)
				    VALUES('PD02956','ENGLISH1',1,8,9)
				   insert into DIEM(MSSV,MAMONHOC,DIEMQUIZ,DIEMLAB,DIEMASSIGNMENT)
				    VALUES('PD02956','KT104',6,7,9)
				   insert into DIEM(MSSV,MAMONHOC,DIEMQUIZ,DIEMLAB,DIEMASSIGNMENT)
				    VALUES('PD02956','DL101',5,8,9)
				   insert into DIEM(MSSV,MAMONHOC,DIEMQUIZ,DIEMLAB,DIEMASSIGNMENT)
				    VALUES('PD02956','QT234',9,8,9)


				   insert into DIEM(MSSV,MAMONHOC,DIEMQUIZ,DIEMLAB,DIEMASSIGNMENT) 
				   VALUES('PD02045','MOB2012',5,4,9)
				   insert into DIEM(MSSV,MAMONHOC,DIEMQUIZ,DIEMLAB,DIEMASSIGNMENT)
				    VALUES('PD02045','SKI998',4,8,1)
				   insert into DIEM(MSSV,MAMONHOC,DIEMQUIZ,DIEMLAB,DIEMASSIGNMENT)
				    VALUES('PD02045','ENGLISH',1,8,1)
				   insert into DIEM(MSSV,MAMONHOC,DIEMQUIZ,DIEMLAB,DIEMASSIGNMENT)
				    VALUES('PD02045','ENGLISH1',4,9,1)
				   insert into DIEM(MSSV,MAMONHOC,DIEMQUIZ,DIEMLAB,DIEMASSIGNMENT) 
				   VALUES('PD02045','KT104',4,8,7)
				   insert into DIEM(MSSV,MAMONHOC,DIEMQUIZ,DIEMLAB,DIEMASSIGNMENT)
				    VALUES('PD02045','DL101',4,9,8)
				   insert into DIEM(MSSV,MAMONHOC,DIEMQUIZ,DIEMLAB,DIEMASSIGNMENT)
				    VALUES('PD02045','QT234',2,8,9)
					
                   insert into DIEM(MSSV,MAMONHOC,DIEMQUIZ,DIEMLAB,DIEMASSIGNMENT) 
				   VALUES('PD02044','MOB2012',5,8,4)
				   insert into DIEM(MSSV,MAMONHOC,DIEMQUIZ,DIEMLAB,DIEMASSIGNMENT)
				    VALUES('PD02044','SKI998',4,8,5)
				   insert into DIEM(MSSV,MAMONHOC,DIEMQUIZ,DIEMLAB,DIEMASSIGNMENT)
				    VALUES('PD02044','ENGLISH',4,1,9)
				   insert into DIEM(MSSV,MAMONHOC,DIEMQUIZ,DIEMLAB,DIEMASSIGNMENT)
				    VALUES('PD02044','ENGLISH1',4,3,9)
				   insert into DIEM(MSSV,MAMONHOC,DIEMQUIZ,DIEMLAB,DIEMASSIGNMENT) 
				   VALUES('PD02044','KT104',4,8,6)
				   insert into DIEM(MSSV,MAMONHOC,DIEMQUIZ,DIEMLAB,DIEMASSIGNMENT)
				    VALUES('PD02044','DL101',4,8,4)
				   insert into DIEM(MSSV,MAMONHOC,DIEMQUIZ,DIEMLAB,DIEMASSIGNMENT)
				    VALUES('PD02044','QT234',4,8,2)

				   insert into DIEM(MSSV,MAMONHOC,DIEMQUIZ,DIEMLAB,DIEMASSIGNMENT)
				    VALUES('PD02043','MOB2012',5,1,9)
				   insert into DIEM(MSSV,MAMONHOC,DIEMQUIZ,DIEMLAB,DIEMASSIGNMENT)
				    VALUES('PD02043','SKI998',4,8,2)
				   insert into DIEM(MSSV,MAMONHOC,DIEMQUIZ,DIEMLAB,DIEMASSIGNMENT)
				    VALUES('PD02043','ENGLISH',4,8,2)
				   insert into DIEM(MSSV,MAMONHOC,DIEMQUIZ,DIEMLAB,DIEMASSIGNMENT) 
				   VALUES('PD02043','ENGLISH1',4,8,2)
				   insert into DIEM(MSSV,MAMONHOC,DIEMQUIZ,DIEMLAB,DIEMASSIGNMENT) 
				   VALUES('PD02043','KT104',4,8,2)
				   insert into DIEM(MSSV,MAMONHOC,DIEMQUIZ,DIEMLAB,DIEMASSIGNMENT)
				    VALUES('PD02043','DL101',4,8,2)
				   insert into DIEM(MSSV,MAMONHOC,DIEMQUIZ,DIEMLAB,DIEMASSIGNMENT) 
				   VALUES('PD02043','QT234',4,1,9)
					


				   insert into DIEM(MSSV,MAMONHOC,DIEMQUIZ,DIEMLAB,DIEMASSIGNMENT)
				    VALUES('PD02016','MOB2012',5,9,6)
				   insert into DIEM(MSSV,MAMONHOC,DIEMQUIZ,DIEMLAB,DIEMASSIGNMENT)
				    VALUES('PD02016','SKI998',4,0,9)
				   insert into DIEM(MSSV,MAMONHOC,DIEMQUIZ,DIEMLAB,DIEMASSIGNMENT)
				    VALUES('PD02016','ENGLISH',9,8,9)
				   insert into DIEM(MSSV,MAMONHOC,DIEMQUIZ,DIEMLAB,DIEMASSIGNMENT)
				    VALUES('PD02016','ENGLISH1',8,8,9)
				   insert into DIEM(MSSV,MAMONHOC,DIEMQUIZ,DIEMLAB,DIEMASSIGNMENT) 
				   VALUES('PD02016','KT104',4,9,6)
				   insert into DIEM(MSSV,MAMONHOC,DIEMQUIZ,DIEMLAB,DIEMASSIGNMENT) 
				   VALUES('PD02016','DL101',4,3,9)
				   insert into DIEM(MSSV,MAMONHOC,DIEMQUIZ,DIEMLAB,DIEMASSIGNMENT) 
				   VALUES('PD02016','QT234',4,2,9)

				   insert into DIEM(MSSV,MAMONHOC,DIEMQUIZ,DIEMLAB,DIEMASSIGNMENT) 
				   VALUES('PD02017','MOB2012',5,8,1)
				   insert into DIEM(MSSV,MAMONHOC,DIEMQUIZ,DIEMLAB,DIEMASSIGNMENT)
				    VALUES('PD02017','SKI998',4,8,1)
				   insert into DIEM(MSSV,MAMONHOC,DIEMQUIZ,DIEMLAB,DIEMASSIGNMENT) 
				   VALUES('PD02017','ENGLISH',4,8,1)
				   insert into DIEM(MSSV,MAMONHOC,DIEMQUIZ,DIEMLAB,DIEMASSIGNMENT)
				    VALUES('PD02017','ENGLISH1',6,8,1)
				   insert into DIEM(MSSV,MAMONHOC,DIEMQUIZ,DIEMLAB,DIEMASSIGNMENT) 
				   VALUES('PD02017','KT104',4,8,9)
				   insert into DIEM(MSSV,MAMONHOC,DIEMQUIZ,DIEMLAB,DIEMASSIGNMENT) 
				   VALUES('PD02017','DL101',4,8,9)
				   insert into DIEM(MSSV,MAMONHOC,DIEMQUIZ,DIEMLAB,DIEMASSIGNMENT) 
				   VALUES('PD02017','QT234',4,8,2)

				   insert into DIEM(MSSV,MAMONHOC,DIEMQUIZ,DIEMLAB,DIEMASSIGNMENT) 
				   VALUES('PD02018','MOB2012',5,5,9)
				   insert into DIEM(MSSV,MAMONHOC,DIEMQUIZ,DIEMLAB,DIEMASSIGNMENT) 
				   VALUES('PD02018','SKI998',1,1,9)
				   insert into DIEM(MSSV,MAMONHOC,DIEMQUIZ,DIEMLAB,DIEMASSIGNMENT) 
				   VALUES('PD02018','ENGLISH',4,2,9)
				   insert into DIEM(MSSV,MAMONHOC,DIEMQUIZ,DIEMLAB,DIEMASSIGNMENT) 
				   VALUES('PD02018','ENGLISH1',4,4,10)
				   insert into DIEM(MSSV,MAMONHOC,DIEMQUIZ,DIEMLAB,DIEMASSIGNMENT)
				    VALUES('PD02018','KT104',4,3,9)
				   insert into DIEM(MSSV,MAMONHOC,DIEMQUIZ,DIEMLAB,DIEMASSIGNMENT) 
				   VALUES('PD02018','DL101',4,8,4)
				   insert into DIEM(MSSV,MAMONHOC,DIEMQUIZ,DIEMLAB,DIEMASSIGNMENT) 
				   VALUES('PD02018','QT234',2,8,9)
					
				   insert into DIEM(MSSV,MAMONHOC,DIEMQUIZ,DIEMLAB,DIEMASSIGNMENT)
				    VALUES('PD02019','MOB2012',5,8,9)
				   insert into DIEM(MSSV,MAMONHOC,DIEMQUIZ,DIEMLAB,DIEMASSIGNMENT)
				    VALUES('PD02019','SKI998',3,8,0)
				   insert into DIEM(MSSV,MAMONHOC,DIEMQUIZ,DIEMLAB,DIEMASSIGNMENT)
				    VALUES('PD02019','ENGLISH',4,0,9)
				   insert into DIEM(MSSV,MAMONHOC,DIEMQUIZ,DIEMLAB,DIEMASSIGNMENT)
				    VALUES('PD02019','ENGLISH1',8,8,4)
				   insert into DIEM(MSSV,MAMONHOC,DIEMQUIZ,DIEMLAB,DIEMASSIGNMENT) 
				   VALUES('PD02019','KT104',4,8,2)
				   insert into DIEM(MSSV,MAMONHOC,DIEMQUIZ,DIEMLAB,DIEMASSIGNMENT) 
				   VALUES('PD02019','DL101',4,8,9)
				   insert into DIEM(MSSV,MAMONHOC,DIEMQUIZ,DIEMLAB,DIEMASSIGNMENT) 
				   VALUES('PD02019','QT234',4,9,9)
					
				   insert into DIEM(MSSV,MAMONHOC,DIEMQUIZ,DIEMLAB,DIEMASSIGNMENT)
				    VALUES('PD02020','MOB2012',5,8,1)
				   insert into DIEM(MSSV,MAMONHOC,DIEMQUIZ,DIEMLAB,DIEMASSIGNMENT)
				    VALUES('PD02020','SKI998',4,8,1)
				   insert into DIEM(MSSV,MAMONHOC,DIEMQUIZ,DIEMLAB,DIEMASSIGNMENT)
				    VALUES('PD02020','ENGLISH',4,9,7)
				   insert into DIEM(MSSV,MAMONHOC,DIEMQUIZ,DIEMLAB,DIEMASSIGNMENT)
				    VALUES('PD02020','ENGLISH1',5,8,9)
				   insert into DIEM(MSSV,MAMONHOC,DIEMQUIZ,DIEMLAB,DIEMASSIGNMENT)
				    VALUES('PD02020','KT104',4,2,0)
				   insert into DIEM(MSSV,MAMONHOC,DIEMQUIZ,DIEMLAB,DIEMASSIGNMENT) 
				   VALUES('PD02020','DL101',4,1,9)
				   insert into DIEM(MSSV,MAMONHOC,DIEMQUIZ,DIEMLAB,DIEMASSIGNMENT)
				    VALUES('PD02020','QT234',4,6,9)
					
					
					
					
					--kinh te--
				   INSERT INTO SINH_VIEN_FPOLY(MSSV,HOTEN,NGAYSINH,sdt,email,QUEQUAN,GIOITINH,MALOP,MANGANHHOC,NAMNHAPHOC) 
				   VALUES('PD02053',N'ĐÀO SỸ H','01/1/1996','0964006689','LYNHPD02053',N'ĐÀ NẴNG',0,'PT12307','KINHTE',2016)
				  INSERT INTO SINH_VIEN_FPOLY(MSSV,HOTEN,NGAYSINH,sdt,email,QUEQUAN,GIOITINH,MALOP,MANGANHHOC,NAMNHAPHOC) 
				  VALUES('PD02058',N'ĐẠI VĂN Đ','01/1/1996','0964006694','LYNHPD02058',N'ĐÀ NẴNG',1,'PT12307','KINHTE',2016)
				  INSERT INTO SINH_VIEN_FPOLY(MSSV,HOTEN,NGAYSINH,sdt,email,QUEQUAN,GIOITINH,MALOP,MANGANHHOC,NAMNHAPHOC) 
				  VALUES('PD02047',N'ĐẶNG QUỐC K','01/1/1996','0964006683','LYNHPD02047',N'ĐÀ NẴNG',0,'PT12307','KINHTE',2016)
				  INSERT INTO SINH_VIEN_FPOLY(MSSV,HOTEN,NGAYSINH,sdt,email,QUEQUAN,GIOITINH,MALOP,MANGANHHOC,NAMNHAPHOC) 
				  VALUES('PD02048',N'VÕ KIM C','01/1/1996','0964006684','LYNHPD02048',N'ĐÀ NẴNG',0,'PT12305','KINHTE',2016)
			      INSERT INTO SINH_VIEN_FPOLY(MSSV,HOTEN,NGAYSINH,sdt,email,QUEQUAN,GIOITINH,MALOP,MANGANHHOC,NAMNHAPHOC) 
				  VALUES('PD02049',N'NVÕ VĂN T','01/1/1996','0964006685','LYNHPD02049',N'ĐÀ NẴNG',1,'PT12307','KINHTE',2016)
			      INSERT INTO SINH_VIEN_FPOLY(MSSV,HOTEN,NGAYSINH,sdt,email,QUEQUAN,GIOITINH,MALOP,MANGANHHOC,NAMNHAPHOC) 
				  VALUES('PD02000',N'ĐẠI TRUNG T','01/1/1996','0964006770','LYNHPD02000',N'ĐÀ NẴNG',0,'PT12307','KINHTE',2016)
			      INSERT INTO SINH_VIEN_FPOLY(MSSV,HOTEN,NGAYSINH,sdt,email,QUEQUAN,GIOITINH,MALOP,MANGANHHOC,NAMNHAPHOC) 
				  VALUES('PD02001',N'ĐẠI TRUNG Đ','01/1/1996','0964006771','LYNHPD02001',N'ĐÀ NẴNG',1,'PT12307','KINHTE',2016)
				  INSERT INTO SINH_VIEN_FPOLY(MSSV,HOTEN,NGAYSINH,sdt,email,QUEQUAN,GIOITINH,MALOP,MANGANHHOC,NAMNHAPHOC)
				   VALUES('PD02002',N'ĐẠI BÁ C','01/1/1996','0964006772','LYNHPD02002',N'ĐÀ NẴNG',0,'PT12307','KINHTE',2016)
				  INSERT INTO SINH_VIEN_FPOLY(MSSV,HOTEN,NGAYSINH,sdt,email,QUEQUAN,GIOITINH,MALOP,MANGANHHOC,NAMNHAPHOC)
				   VALUES('PD02003',N'ĐẠI NHƯ M','01/1/1996','0964006773','LYNHPD02003',N'ĐÀ NẴNG',1,'PT12307','KINHTE',2016)
				  INSERT INTO SINH_VIEN_FPOLY(MSSV,HOTEN,NGAYSINH,sdt,email,QUEQUAN,GIOITINH,MALOP,MANGANHHOC,NAMNHAPHOC)
				   VALUES('PD02004',N'ĐẠI b f','01/7/1995','0964006774','LYNHPD02004',N'ĐÀ NẴNG',1,'PT12307','KINHTE',2016)
				  INSERT INTO SINH_VIEN_FPOLY(MSSV,HOTEN,NGAYSINH,sdt,email,QUEQUAN,GIOITINH,MALOP,MANGANHHOC,NAMNHAPHOC)
				   VALUES('PD02904',N'ĐẠI VĂN ĐỨC','01/1/1998','0964006909','LYNHPD02897',N'ĐÀ NẴNG',0,'PT12307','KINHTE',2016)
				  INSERT INTO SINH_VIEN_FPOLY(MSSV,HOTEN,NGAYSINH,sdt,email,QUEQUAN,GIOITINH,MALOP,MANGANHHOC,NAMNHAPHOC)
				   VALUES('PD02905',N'HỒ VĂN A','01/1/1996','0964006000','LYNHPD02678',N'ĐÀ NẴNG',0,'PT12307','KINHTE',2016)
                   
				   insert into DIEM(MSSV,MAMONHOC,DIEMQUIZ,DIEMLAB,DIEMASSIGNMENT)
				    VALUES('PD02904','MOB2012',5,8,9)
				   insert into DIEM(MSSV,MAMONHOC,DIEMQUIZ,DIEMLAB,DIEMASSIGNMENT)
				    VALUES('PD02904','SKI998',6,8,9)
				   insert into DIEM(MSSV,MAMONHOC,DIEMQUIZ,DIEMLAB,DIEMASSIGNMENT)
				    VALUES('PD02904','ENGLISH',4,7,9)
				   insert into DIEM(MSSV,MAMONHOC,DIEMQUIZ,DIEMLAB,DIEMASSIGNMENT)
				    VALUES('PD02904','ENGLISH1',4,8,1)
				   insert into DIEM(MSSV,MAMONHOC,DIEMQUIZ,DIEMLAB,DIEMASSIGNMENT)
				    VALUES('PD02904','KT104',4,8,9)
				   insert into DIEM(MSSV,MAMONHOC,DIEMQUIZ,DIEMLAB,DIEMASSIGNMENT)
				    VALUES('PD02904','DL101',4,0,9)
				   insert into DIEM(MSSV,MAMONHOC,DIEMQUIZ,DIEMLAB,DIEMASSIGNMENT)
				    VALUES('PD02904','QT234',4,8,9)

				   insert into DIEM(MSSV,MAMONHOC,DIEMQUIZ,DIEMLAB,DIEMASSIGNMENT)
				    VALUES('PD02905','MOB2012',5,8,9)
				   insert into DIEM(MSSV,MAMONHOC,DIEMQUIZ,DIEMLAB,DIEMASSIGNMENT) 
				   VALUES('PD02905','SKI998',4,8,7)
				   insert into DIEM(MSSV,MAMONHOC,DIEMQUIZ,DIEMLAB,DIEMASSIGNMENT)
				    VALUES('PD02905','ENGLISH',4,8,9)
				   insert into DIEM(MSSV,MAMONHOC,DIEMQUIZ,DIEMLAB,DIEMASSIGNMENT)
				    VALUES('PD02905','ENGLISH1',4,8,3)
				   insert into DIEM(MSSV,MAMONHOC,DIEMQUIZ,DIEMLAB,DIEMASSIGNMENT)
				    VALUES('PD02905','KT104',3,8,9)
				   insert into DIEM(MSSV,MAMONHOC,DIEMQUIZ,DIEMLAB,DIEMASSIGNMENT)
				    VALUES('PD02905','DL101',2,8,9)
				   insert into DIEM(MSSV,MAMONHOC,DIEMQUIZ,DIEMLAB,DIEMASSIGNMENT) 
				   VALUES('PD02905','QT234',4,1,9)

				   insert into DIEM(MSSV,MAMONHOC,DIEMQUIZ,DIEMLAB,DIEMASSIGNMENT)
				    VALUES('PD02053','MOB2012',5,8,9)
				   insert into DIEM(MSSV,MAMONHOC,DIEMQUIZ,DIEMLAB,DIEMASSIGNMENT)
				    VALUES('PD02053','SKI998',4,8,9)
				   insert into DIEM(MSSV,MAMONHOC,DIEMQUIZ,DIEMLAB,DIEMASSIGNMENT)
				    VALUES('PD02053','ENGLISH',4,6,9)
				   insert into DIEM(MSSV,MAMONHOC,DIEMQUIZ,DIEMLAB,DIEMASSIGNMENT)
				    VALUES('PD02053','ENGLISH1',4,8,9)
				   insert into DIEM(MSSV,MAMONHOC,DIEMQUIZ,DIEMLAB,DIEMASSIGNMENT) 
				   VALUES('PD02053','KT104',2,8,9)
				   insert into DIEM(MSSV,MAMONHOC,DIEMQUIZ,DIEMLAB,DIEMASSIGNMENT)
				    VALUES('PD02053','DL101',4,8,9)
				   insert into DIEM(MSSV,MAMONHOC,DIEMQUIZ,DIEMLAB,DIEMASSIGNMENT) 
				   VALUES('PD02053','QT234',4,8,3)

				   insert into DIEM(MSSV,MAMONHOC,DIEMQUIZ,DIEMLAB,DIEMASSIGNMENT)
				    VALUES('PD02058','MOB2012',5,8,9)
				   insert into DIEM(MSSV,MAMONHOC,DIEMQUIZ,DIEMLAB,DIEMASSIGNMENT)
				    VALUES('PD02058','SKI998',4,8,9)
				   insert into DIEM(MSSV,MAMONHOC,DIEMQUIZ,DIEMLAB,DIEMASSIGNMENT) 
				   VALUES('PD02058','ENGLISH',4,8,9)
				   insert into DIEM(MSSV,MAMONHOC,DIEMQUIZ,DIEMLAB,DIEMASSIGNMENT) 
				   VALUES('PD02058','ENGLISH1',4,6,9)
				   insert into DIEM(MSSV,MAMONHOC,DIEMQUIZ,DIEMLAB,DIEMASSIGNMENT) 
				   VALUES('PD02058','KT104',4,8,9)
				   insert into DIEM(MSSV,MAMONHOC,DIEMQUIZ,DIEMLAB,DIEMASSIGNMENT) 
				   VALUES('PD02058','DL101',2,8,9)
				   insert into DIEM(MSSV,MAMONHOC,DIEMQUIZ,DIEMLAB,DIEMASSIGNMENT) 
				   VALUES('PD02058','QT234',4,8,9)

                   insert into DIEM(MSSV,MAMONHOC,DIEMQUIZ,DIEMLAB,DIEMASSIGNMENT) 
				   VALUES('PD02047','MOB2012',5,1,9)
				   insert into DIEM(MSSV,MAMONHOC,DIEMQUIZ,DIEMLAB,DIEMASSIGNMENT)
				    VALUES('PD02047','SKI998',4,6,9)
				   insert into DIEM(MSSV,MAMONHOC,DIEMQUIZ,DIEMLAB,DIEMASSIGNMENT)
				    VALUES('PD02047','ENGLISH',4,7,9)
				   insert into DIEM(MSSV,MAMONHOC,DIEMQUIZ,DIEMLAB,DIEMASSIGNMENT) 
				   VALUES('PD02047','ENGLISH1',4,3,1)
				   insert into DIEM(MSSV,MAMONHOC,DIEMQUIZ,DIEMLAB,DIEMASSIGNMENT)
				    VALUES('PD02047','KT104',4,8,5)
				   insert into DIEM(MSSV,MAMONHOC,DIEMQUIZ,DIEMLAB,DIEMASSIGNMENT)
				    VALUES('PD02047','DL101',4,8,1)
				   insert into DIEM(MSSV,MAMONHOC,DIEMQUIZ,DIEMLAB,DIEMASSIGNMENT)
				    VALUES('PD02047','QT234',4,8,3)

				   insert into DIEM(MSSV,MAMONHOC,DIEMQUIZ,DIEMLAB,DIEMASSIGNMENT) 
				   VALUES('PD02048','MOB2012',5,1,9)
				   insert into DIEM(MSSV,MAMONHOC,DIEMQUIZ,DIEMLAB,DIEMASSIGNMENT)
				    VALUES('PD02048','SKI998',4,8,1)
				   insert into DIEM(MSSV,MAMONHOC,DIEMQUIZ,DIEMLAB,DIEMASSIGNMENT)
				    VALUES('PD02048','ENGLISH',4,2,9)
				   insert into DIEM(MSSV,MAMONHOC,DIEMQUIZ,DIEMLAB,DIEMASSIGNMENT)
				    VALUES('PD02048','ENGLISH1',4,2,0)
				   insert into DIEM(MSSV,MAMONHOC,DIEMQUIZ,DIEMLAB,DIEMASSIGNMENT)
				    VALUES('PD02048','KT104',4,8,2)
				   insert into DIEM(MSSV,MAMONHOC,DIEMQUIZ,DIEMLAB,DIEMASSIGNMENT)
				    VALUES('PD02048','DL101',4,8,7)
				   insert into DIEM(MSSV,MAMONHOC,DIEMQUIZ,DIEMLAB,DIEMASSIGNMENT)
				    VALUES('PD02048','QT234',4,8,1)

				    insert into DIEM(MSSV,MAMONHOC,DIEMQUIZ,DIEMLAB,DIEMASSIGNMENT)
					 VALUES('PD02049','MOB2012',1,8,9)
				   insert into DIEM(MSSV,MAMONHOC,DIEMQUIZ,DIEMLAB,DIEMASSIGNMENT)
				    VALUES('PD02049','SKI998',3,8,9)
				   insert into DIEM(MSSV,MAMONHOC,DIEMQUIZ,DIEMLAB,DIEMASSIGNMENT)
				    VALUES('PD02049','ENGLISH',8,8,9)
				   insert into DIEM(MSSV,MAMONHOC,DIEMQUIZ,DIEMLAB,DIEMASSIGNMENT)
				    VALUES('PD02049','ENGLISH1',6,8,9)
				   insert into DIEM(MSSV,MAMONHOC,DIEMQUIZ,DIEMLAB,DIEMASSIGNMENT)
				    VALUES('PD02049','KT104',4,1,9)
				   insert into DIEM(MSSV,MAMONHOC,DIEMQUIZ,DIEMLAB,DIEMASSIGNMENT)
				    VALUES('PD02049','DL101',4,0,9)
				   insert into DIEM(MSSV,MAMONHOC,DIEMQUIZ,DIEMLAB,DIEMASSIGNMENT) 
				   VALUES('PD02049','QT234',4,5,9)

				   insert into DIEM(MSSV,MAMONHOC,DIEMQUIZ,DIEMLAB,DIEMASSIGNMENT)
				    VALUES('PD02000','MOB2012',5,1,9)
				   insert into DIEM(MSSV,MAMONHOC,DIEMQUIZ,DIEMLAB,DIEMASSIGNMENT)
				    VALUES('PD02000','SKI998',4,7,9)
				   insert into DIEM(MSSV,MAMONHOC,DIEMQUIZ,DIEMLAB,DIEMASSIGNMENT) 
				   VALUES('PD02000','ENGLISH',4,3,9)
				   insert into DIEM(MSSV,MAMONHOC,DIEMQUIZ,DIEMLAB,DIEMASSIGNMENT)
				    VALUES('PD02000','ENGLISH1',4,0,9)
				   insert into DIEM(MSSV,MAMONHOC,DIEMQUIZ,DIEMLAB,DIEMASSIGNMENT)
				    VALUES('PD02000','KT104',4,1,9)
				   insert into DIEM(MSSV,MAMONHOC,DIEMQUIZ,DIEMLAB,DIEMASSIGNMENT)
				    VALUES('PD02000','DL101',4,0,9)
				   insert into DIEM(MSSV,MAMONHOC,DIEMQUIZ,DIEMLAB,DIEMASSIGNMENT)
				    VALUES('PD02000','QT234',4,0,2)

				   insert into DIEM(MSSV,MAMONHOC,DIEMQUIZ,DIEMLAB,DIEMASSIGNMENT) 
				   VALUES('PD02001','MOB2012',5,8,9)
				   insert into DIEM(MSSV,MAMONHOC,DIEMQUIZ,DIEMLAB,DIEMASSIGNMENT)
				    VALUES('PD02001','SKI998',4,5,9)
				   insert into DIEM(MSSV,MAMONHOC,DIEMQUIZ,DIEMLAB,DIEMASSIGNMENT)
				    VALUES('PD02001','ENGLISH',4,6,9)
				   insert into DIEM(MSSV,MAMONHOC,DIEMQUIZ,DIEMLAB,DIEMASSIGNMENT)
				    VALUES('PD02001','ENGLISH1',8,8,9)
				   insert into DIEM(MSSV,MAMONHOC,DIEMQUIZ,DIEMLAB,DIEMASSIGNMENT)
				    VALUES('PD02001','KT104',0,8,9)
				   insert into DIEM(MSSV,MAMONHOC,DIEMQUIZ,DIEMLAB,DIEMASSIGNMENT)
				    VALUES('PD02001','DL101',0,2,9)
				   insert into DIEM(MSSV,MAMONHOC,DIEMQUIZ,DIEMLAB,DIEMASSIGNMENT) 
				   VALUES('PD02001','QT234',0,8,9)

				   insert into DIEM(MSSV,MAMONHOC,DIEMQUIZ,DIEMLAB,DIEMASSIGNMENT)
				   VALUES('PD02002','MOB2012',9,2,9)
				   insert into DIEM(MSSV,MAMONHOC,DIEMQUIZ,DIEMLAB,DIEMASSIGNMENT)
				    VALUES('PD02002','SKI998',9,8,9)
				   insert into DIEM(MSSV,MAMONHOC,DIEMQUIZ,DIEMLAB,DIEMASSIGNMENT) 
				   VALUES('PD02002','ENGLISH',4,0,9)
				   insert into DIEM(MSSV,MAMONHOC,DIEMQUIZ,DIEMLAB,DIEMASSIGNMENT) 
				   VALUES('PD02002','ENGLISH1',9,8,9)
				   insert into DIEM(MSSV,MAMONHOC,DIEMQUIZ,DIEMLAB,DIEMASSIGNMENT)
				    VALUES('PD02002','KT104',1,0,9)
				   insert into DIEM(MSSV,MAMONHOC,DIEMQUIZ,DIEMLAB,DIEMASSIGNMENT) 
				   VALUES('PD02002','DL101',0,8,9)
				   insert into DIEM(MSSV,MAMONHOC,DIEMQUIZ,DIEMLAB,DIEMASSIGNMENT) 
				   VALUES('PD02002','QT234',9,8,9)

				   insert into DIEM(MSSV,MAMONHOC,DIEMQUIZ,DIEMLAB,DIEMASSIGNMENT)
				   VALUES('PD02003','MOB2012',10,8,6)
				   insert into DIEM(MSSV,MAMONHOC,DIEMQUIZ,DIEMLAB,DIEMASSIGNMENT)
				    VALUES('PD02003','SKI998',4,8,9)
				   insert into DIEM(MSSV,MAMONHOC,DIEMQUIZ,DIEMLAB,DIEMASSIGNMENT)
				    VALUES('PD02003','ENGLISH',4,8,6)
				   insert into DIEM(MSSV,MAMONHOC,DIEMQUIZ,DIEMLAB,DIEMASSIGNMENT)
				   VALUES('PD02003','ENGLISH1',4,0	,9)
				   insert into DIEM(MSSV,MAMONHOC,DIEMQUIZ,DIEMLAB,DIEMASSIGNMENT) 
				   VALUES('PD02003','KT104',8,7,9)
				   insert into DIEM(MSSV,MAMONHOC,DIEMQUIZ,DIEMLAB,DIEMASSIGNMENT)
				    VALUES('PD02003','DL101',3,8,9)
				   insert into DIEM(MSSV,MAMONHOC,DIEMQUIZ,DIEMLAB,DIEMASSIGNMENT) 
				   VALUES('PD02003','QT234',7,8,9)

				   insert into DIEM(MSSV,MAMONHOC,DIEMQUIZ,DIEMLAB,DIEMASSIGNMENT)
				    VALUES('PD02004','MOB2012',8,8,9)
				   insert into DIEM(MSSV,MAMONHOC,DIEMQUIZ,DIEMLAB,DIEMASSIGNMENT)
				    VALUES('PD02004','SKI998',0,8,9)
				   insert into DIEM(MSSV,MAMONHOC,DIEMQUIZ,DIEMLAB,DIEMASSIGNMENT) 
				   VALUES('PD02004','ENGLISH',8,8,9)
				   insert into DIEM(MSSV,MAMONHOC,DIEMQUIZ,DIEMLAB,DIEMASSIGNMENT) 
				   VALUES('PD02004','ENGLISH1',7,8,9)
				   insert into DIEM(MSSV,MAMONHOC,DIEMQUIZ,DIEMLAB,DIEMASSIGNMENT) 
				   VALUES('PD02004','KT104',5,8,9)
				   insert into DIEM(MSSV,MAMONHOC,DIEMQUIZ,DIEMLAB,DIEMASSIGNMENT) 
				   VALUES('PD02004','DL101',7,5,9)
				   insert into DIEM(MSSV,MAMONHOC,DIEMQUIZ,DIEMLAB,DIEMASSIGNMENT)
				    VALUES('PD02004','QT234',5,0,9)
					
					  

					--4.2 DANH SÁCH SINH VIÊN CỦA 1 LỚP--
			SELECT *FROM SINH_VIEN_FPOLY WHERE MALOP = 'PT12305'
				 --4.3 ĐƯA RA BẢNG ĐIỂM CÁC SINH VIÊN 1 LỚP, THEO MÔN--
		  SELECT DIEM.DIEMASSIGNMENT, DIEM.DIEMLAB, DIEM.DIEMQUIZ, DIEM.MAMONHOC, DIEM.MSSV, SINH_VIEN_FPOLY.MALOP AS 'LOP'
		  FROM DIEM INNER JOIN SINH_VIEN_FPOLY ON DIEM.MSSV = SINH_VIEN_FPOLY.MSSV
		   WHERE SINH_VIEN_FPOLY.MALOP='PT12305' AND DIEM.MAMONHOC='MOB1013'

				 --4.4 ĐƯA RA THÔNG TIN ĐIỂM 1 SINH VIÊN THEO KỲ--
				
			SELECT DIEM.MSSV, DIEM.DIEMASSIGNMENT, DIEM.DIEMLAB, DIEM.DIEMQUIZ, DIEM.DIEMQUIZ,MONHOC.MAMONHOC AS'MONHOC'
			 FROM DIEM INNER JOIN MONHOC ON DIEM.MAMONHOC=MONHOC.MAMONHOC
			WHERE MONHOC.MAHOCKI=1 AND DIEM.MSSV='PD02002'
				 --4.5 ĐƯA RA TỔNG SỐ SINH VIÊN ĐỔ CỦA 1 MÔN HỌC theo lop--
				 --4.6 ĐƯA RA TỔNG SỐ SINH VIÊN TRƯỢT 1 MÔN NÀO ĐÓ--
				 --4.7 ĐƯA RA TỔNG SỐ % SINH VIÊN TRƯỢT HOẶC RỚT 1 MÔN, TRONG HỌC KỲ--
				  